conversation_id,title,total_messages,user_messages,assistant_messages,user_assistant_ratio,duration_minutes,active_days,messages_per_hour,avg_user_message_length,median_user_message_length,max_user_message_length,avg_user_words,total_user_words,first_hour,first_day,first_month,first_year,peak_user_hour,technical_term_count,primary_intent,primary_intent_score,depth_score,builder_score,learning_score,troubleshooting_score,technical_score,interaction_intensity,persistence_score,iteration_score,conversation_type
6835b17f-40fc-8004-a04c-1eb86bb4fb77,Copy GitHub Link Resume,18,9,9,1.0,15.075114716666668,1,71.64124587430032,60.77777777777778,12.0,423,10.333333333333334,93,12,Tuesday,May,2025,12,7,build,3,56.708160442600274,91.2863070539419,38.09128630705394,49.543568464730285,82.57261410788381,46.47302904564315,51.86721991701245,69.29460580912863,Builder
6835b736-07c0-8004-84fd-e0cdf4e9b9e3,Education Details Summary,20,10,10,1.0,16.143247433333332,1,74.33448597970343,90.5,32.0,539,13.4,134,12,Tuesday,May,2025,13,21,build,3,57.60719225449515,94.81327800829877,43.40248962655602,53.77593360995851,89.62655601659752,47.71784232365145,52.365145228215766,71.36929460580913,Builder
6836a46f-e138-8004-88f4-a95d88561f35,NVD CPE API Design,2,1,1,1.0,0.0188140666666666,1,6378.206377497688,0.0,0.0,0,0.0,0,5,Wednesday,May,2025,5,0,other,0,20.74688796680498,10.477178423236515,0.6224066390041494,12.572614107883817,20.95435684647303,92.5311203319502,22.738589211618258,9.751037344398341,Explorer
68493691-33d8-8004-b826-e978f53599b2,React Frontend Backend Database,40,20,20,1.0,84.66112591666666,1,28.348311861129268,151.25,50.0,1276,15.95,319,7,Wednesday,June,2025,8,6,troubleshoot,7,68.32641770401106,39.73029045643153,48.29875518672199,87.67634854771784,79.46058091286307,26.970954356846473,63.07053941908714,85.47717842323651,Problem Solver
684ebf5d-2e44-8004-9ac5-fca96fbb28b1,FlashTalk Nerves Solution,23,11,12,0.9166666666666666,30.9386982,1,44.60433309375635,56.72727272727273,28.0,185,10.727272727272728,118,12,Sunday,June,2025,12,0,other,0,60.7192254495159,10.477178423236515,37.71784232365145,12.572614107883817,20.95435684647303,36.09958506224066,56.099585062240656,74.06639004149378,Explorer
684ec6b2-1920-8004-b0a7-fa08e5c07a03,Chocolate Face Mask Tips,6,3,3,1.0,3.58236905,1,100.49215895274666,26.666666666666668,20.0,43,6.333333333333333,19,13,Sunday,June,2025,13,1,other,0,38.31258644536653,26.45228215767635,14.149377593360997,31.74273858921162,52.9045643153527,56.43153526970954,39.66804979253112,34.75103734439834,Explorer
684ee81c-3bb4-8004-894c-7ac6fa07bfe9,Full Stack Roadmap,95,44,51,0.8627450980392157,95.29581493333332,1,59.81374947039997,553.8409090909091,372.0,2324,37.22727272727273,1638,15,Sunday,June,2025,16,69,troubleshoot,38,71.36929460580913,47.71784232365145,56.016597510373444,97.26141078838174,95.4356846473029,43.983402489626556,63.817427385892124,93.15352697095435,Problem Solver
68543705-7524-8004-ab7b-10aa014f57ac,Backtracking in Rat Maze,9,4,5,0.8,32.52341826666667,1,16.603420820419956,176.25,192.0,274,50.5,202,16,Thursday,June,2025,16,1,learn,1,52.489626556016596,26.45228215767635,87.96680497925311,31.74273858921162,52.9045643153527,21.991701244813278,56.59751037344398,46.2655601659751,Learner
68944e80-a1f4-8326-9c15-1f4725045c25,Student guidance plan,51,25,26,0.9615384615384616,37.16699483333333,1,82.33111161453466,93.44,45.0,947,16.12,403,7,Thursday,August,2025,7,4,planning,4,66.9432918395574,36.82572614107884,46.39004149377593,44.190871369294605,73.65145228215768,53.11203319502075,58.3402489626556,89.41908713692946,Planner
68a9e2a9-b19c-8328-8256-444a4d24f0af,Fake news detection model,32,16,16,1.0,72.08263825,1,26.6360949961484,24.5625,13.5,124,3.5625,57,15,Saturday,August,2025,16,1,learn,1,66.39004149377594,26.45228215767635,59.87551867219917,31.74273858921162,52.9045643153527,25.311203319502074,61.825726141078846,82.05394190871368,Learner
68d3db8b-2e4c-8327-a57b-3b5635b037d5,Explain PDF tasks,16,8,8,1.0,13.293423533333334,1,72.21615993749049,11.0,6.5,44,2.75,22,11,Wednesday,September,2025,12,2,learn,2,54.28769017980636,33.29875518672199,48.25726141078838,39.95850622406639,66.59751037344398,46.88796680497925,50.12448132780083,65.35269709543569,Learner
68d3e227-4c64-832a-82c0-912dcda7e97b,Set margins in doc,4,2,2,1.0,1.5991052,1,150.08393444033572,100.5,100.5,180,17.5,35,12,Wednesday,September,2025,12,0,build,1,31.3969571230982,60.477178423236516,38.25726141078839,12.572614107883817,20.95435684647303,65.14522821576763,33.44398340248963,24.5850622406639,Builder
68f71fde-79a8-8324-abf3-24ab6aa5b0f9,Suggest final year project,23,10,13,0.7692307692307693,87.11229326666667,1,15.841621753379483,1503.6,30.5,14772,217.1,2171,5,Tuesday,October,2025,6,49,learn,15,64.73029045643153,46.2655601659751,98.83817427385893,55.51867219917012,92.5311203319502,21.16182572614108,63.3195020746888,72.9253112033195,Learner
6905dceb-7e14-8321-988d-b09b1942d2a0,Online duplicate marksheet process,17,8,9,0.8888888888888888,120.52558513333334,1,8.462933400170668,34.125,13.0,123,6.625,53,10,Saturday,November,2025,10,1,other,0,63.55463347164592,26.45228215767635,26.016597510373444,31.74273858921162,52.9045643153527,15.352697095435685,65.31120331950208,66.59751037344398,Explorer
691b0f5a-fa04-8320-af2f-472835e63dc6,Professional description write,32,16,16,1.0,60.06014183333333,1,31.967956474828057,235.9375,41.5,2412,34.0,544,12,Monday,November,2025,12,54,build,22,65.83679114799446,96.99170124481327,51.99170124481327,56.39004149377593,93.98340248962656,28.21576763485477,60.829875518672196,82.05394190871368,Builder
691c04c4-a754-832b-aa22-554a30c9384e,Python 3 code,6,3,3,1.0,5.129317833333333,1,70.18477148374538,14.666666666666666,18.0,18,3.333333333333333,10,5,Tuesday,November,2025,5,4,other,0,39.55739972337483,36.82572614107884,5.643153526970955,44.190871369294605,73.65145228215768,46.058091286307054,41.90871369294606,34.75103734439834,Explorer
691c6e8a-bb88-8324-ab2e-7edc28529cfa,Trip description prompt,4,2,2,1.0,1.2757531333333332,1,188.12417052264607,68.0,68.0,136,13.0,26,13,Tuesday,November,2025,13,0,other,0,31.258644536652834,10.477178423236515,32.946058091286304,12.572614107883817,20.95435684647303,70.12448132780082,33.19502074688796,24.5850622406639,Explorer
6921991e-d54c-8320-96cf-29f1cbc3a0cb,Movie emotional impact,10,5,5,1.0,3.6164397833333335,1,165.9090254357754,50.6,53.0,80,10.0,50,11,Saturday,November,2025,11,1,create_content,1,44.46749654218534,26.45228215767635,31.53526970954357,31.74273858921162,52.9045643153527,68.04979253112033,40.4149377593361,51.55601659751038,Creator
69288364-ae94-8324-a8df-d500d4d5ba5f,Railway exam details,20,10,10,1.0,13.47379995,1,89.06173495621776,32.3,26.5,84,6.0,60,16,Thursday,November,2025,17,4,learn,3,56.77731673582296,36.82572614107884,64.93775933609959,44.190871369294605,73.65145228215768,55.18672199170125,50.87136929460581,71.36929460580913,Learner
6928876c-6210-8321-bc0a-31ce4cdfaefe,Session reminder request,4,2,2,1.0,0.9050381333333332,1,265.18219637448794,32.0,32.0,54,5.5,11,17,Thursday,November,2025,17,1,other,0,30.290456431535272,26.45228215767635,15.850622406639005,31.74273858921162,52.9045643153527,76.76348547717843,31.45228215767635,24.5850622406639,Explorer
692a871f-36f0-8320-a22d-18e02fb57a26,Fill form details,8,4,4,1.0,5.906927483333333,1,81.26052018656772,97.0,20.5,345,10.5,42,5,Saturday,November,2025,5,2,other,0,44.05255878284924,33.29875518672199,39.79253112033196,39.95850622406639,66.59751037344398,52.69709543568465,44.149377593360995,43.983402489626556,Explorer
692a921c-2600-8321-ae1d-a2e3a4e29883,Email draft for upload issue,10,5,5,1.0,666.0519462833333,1,0.900830638433064,105.4,55.0,330,19.4,97,6,Saturday,November,2025,17,1,other,0,61.61825726141078,26.45228215767635,44.31535269709544,31.74273858921162,52.9045643153527,6.639004149377594,71.28630705394191,51.55601659751038,Explorer
692d8b87-474c-8326-a0ca-5f479cd50d8a,Colab notebook access help,33,16,17,0.9411764705882352,50.35446675,1,39.32123856718233,587.4375,79.0,3535,52.125,834,12,Monday,December,2025,13,52,troubleshoot,19,65.56016597510373,46.57676348547718,55.518672199170126,95.89211618257261,93.15352697095436,32.365145228215766,59.834024896265554,82.4688796680498,Problem Solver
692d9813-fe20-8323-8683-10cff801b827,Fix librosa warnings,2,1,1,1.0,0.0157102,1,7638.3496072615235,1280.0,1280.0,1280,142.0,142,13,Monday,December,2025,13,6,troubleshoot,6,19.91701244813278,39.73029045643153,54.77178423236515,87.67634854771784,79.46058091286307,95.0207468879668,21.244813278008298,9.751037344398341,Problem Solver
692e7fd4-d38c-8323-8945-93d87812eb72,Accuracy improvement guide,32,15,17,0.8823529411764706,195.31026175,1,9.830512656102156,215.2,93.0,955,22.866666666666667,343,5,Tuesday,December,2025,6,29,troubleshoot,10,69.70954356846472,45.850622406639005,50.04149377593362,95.0207468879668,91.70124481327801,16.59751037344398,67.80082987551867,81.12033195020746,Problem Solver
692eeb72-a33c-8323-8817-084ab69dfe21,Simple explanation of error,8,4,4,1.0,12.7666639,1,37.59791937500603,787.25,810.0,1505,64.25,257,13,Tuesday,December,2025,13,16,troubleshoot,16,47.23374827109267,43.983402489626556,54.77178423236514,92.78008298755186,87.96680497925311,30.70539419087137,49.87551867219917,43.983402489626556,Problem Solver
6931a47b-a30c-8321-937e-70a157b54bb6,Modify code for input,34,16,18,0.8888888888888888,75.70433725,1,26.9469369141066,917.1875,86.0,10001,83.375,1334,15,Thursday,December,2025,16,52,troubleshoot,17,67.49654218533887,46.57676348547718,57.59336099585063,95.89211618257261,93.15352697095436,25.72614107883817,62.57261410788382,83.09128630705393,Problem Solver
6931b7e6-8604-8323-a793-3dae880879b7,Code update steps,26,13,13,1.0,33.988216466666664,1,45.89826010817431,825.8461538461538,472.0,4027,80.53846153846153,1047,16,Thursday,December,2025,16,58,troubleshoot,30,62.3789764868603,47.5103734439834,57.09543568464731,97.01244813278007,95.0207468879668,36.92946058091287,57.0954356846473,77.38589211618259,Problem Solver
69382131-d750-8320-bc57-115d88d2d28d,Code explanation and logic,30,14,16,0.875,187.12473061666665,1,9.619252324736168,246.3571428571429,29.5,1517,27.428571428571427,384,13,Tuesday,December,2025,13,25,learn,12,68.81051175656984,45.43568464730291,91.53526970954357,54.522821576763484,90.87136929460581,16.182572614107883,67.30290456431536,79.35684647302904,Learner
693da768-7ed0-8321-9176-990dbc714b64,Engineering simplified,2,1,1,1.0,0.0002727333333333,1,439990.2224395014,34.0,34.0,34,6.0,6,17,Saturday,December,2025,17,0,build,1,18.25726141078838,60.477178423236516,15.975103734439834,12.572614107883817,20.95435684647303,100.0,18.25726141078838,9.751037344398341,Builder
69444b1c-65c8-8323-8456-91f586a8982a,Task three guide,34,17,17,1.0,46.57530206666667,1,43.80003799180942,28.529411764705884,9.0,121,5.0588235294117645,86,18,Thursday,December,2025,19,7,troubleshoot,1,65.6984785615491,41.286307053941904,23.817427385892117,89.54356846473028,82.57261410788381,35.26970954356847,59.336099585062236,83.92116182572614,Problem Solver
6944577e-17b4-8320-9dd2-1ada874e1b21,Global demand visualization,39,19,20,0.95,1116.4993409833332,2,2.095836436355703,346.05263157894734,19.0,4825,58.21052631578947,1106,19,Thursday,December,2025,19,15,build,18,89.90318118948824,93.46473029045643,54.35684647302905,52.15767634854772,86.92946058091286,8.29875518672199,92.44813278008299,85.06224066390041,Builder
694e044a-4b8c-8324-8421-cb8831ea984f,PDF Layout Adjustment,8,4,4,1.0,3.0066182666666665,1,159.64780275620402,50.25,28.0,145,9.75,39,3,Friday,December,2025,3,0,build,1,40.73305670816044,60.477178423236516,30.04149377593361,12.572614107883817,20.95435684647303,66.39004149377593,38.17427385892116,43.983402489626556,Builder
696fa602-b6dc-8328-88be-50f52c6bc1b1,Tamil Film Character Match,4,2,2,1.0,0.9820999833333331,1,244.37430411659207,64.0,64.0,64,12.0,24,15,Tuesday,January,2026,15,0,other,0,30.42876901798063,10.477178423236515,31.6597510373444,12.572614107883817,20.95435684647303,75.10373443983403,31.70124481327801,24.5850622406639,Explorer
697222e5-ca28-8321-8557-ab9b6c541de4,Clarification on Request,16,8,8,1.0,35.44541385,1,27.083898753801684,642.0,236.5,3126,52.375,419,13,Thursday,January,2026,13,20,troubleshoot,16,58.57538035961272,44.502074688796675,54.85477178423237,93.40248962655602,89.00414937759335,26.141078838174277,57.842323651452276,65.35269709543569,Problem Solver
6974befb-f3ec-8323-acf0-b5a6191fd794,Murder Mystery Kaveri House,2,1,1,1.0,0.0089003333333333,1,13482.641099584283,66.0,66.0,66,13.0,13,12,Saturday,January,2026,12,0,other,0,18.948824343015215,10.477178423236515,29.875518672199174,12.572614107883817,20.95435684647303,97.9253112033195,19.502074688796682,9.751037344398341,Explorer
6974bf7b-4738-83a1-aa23-1af962ea4a6f,Data Analytics Project Ideas,8,4,4,1.0,3.5023416833333334,1,137.05116273611625,15.75,14.5,31,2.75,11,12,Saturday,January,2026,12,1,build,1,41.286307053941904,76.45228215767635,6.721991701244813,31.74273858921162,52.9045643153527,63.07053941908713,39.170124481327804,43.983402489626556,Builder
6974c0e7-9dc0-8324-a217-5779dbd4d24a,Branch · Data Analytics Project Ideas,42,21,21,1.0,1057.4631912166667,2,2.383061671490057,54.71428571428572,31.0,316,7.333333333333333,154,12,Saturday,January,2026,13,11,troubleshoot,2,90.0414937759336,42.427385892116185,37.385892116182575,90.91286307053943,84.85477178423237,9.12863070539419,91.95020746887967,86.20331950207469,Problem Solver
6975c08f-3820-8323-a6d8-52f774717aa4,Two Finger Whistling,2,1,1,1.0,0.0066916166666666,1,17932.886173495695,31.0,31.0,31,6.0,6,7,Sunday,January,2026,7,0,other,0,18.672199170124482,10.477178423236515,13.319502074688797,12.572614107883817,20.95435684647303,98.7551867219917,19.00414937759336,9.751037344398341,Explorer
6976f713-c210-8324-bb3d-278c498c9455,Python AttributeError Fix,16,8,8,1.0,6.553446933333333,1,146.48779638652042,49.25,0.0,394,4.75,38,5,Monday,January,2026,5,1,troubleshoot,2,51.6597510373444,26.45228215767635,29.294605809128633,71.74273858921163,52.9045643153527,64.31535269709543,45.39419087136929,65.35269709543569,Problem Solver
6976f8e5-0d2c-8322-bf4e-9bca6a59d4a8,Fixing AttributeError in Code,18,9,9,1.0,24.26189008333333,1,44.514256568242565,682.0,673.0,1497,63.0,567,5,Monday,January,2026,5,26,troubleshoot,19,58.50622406639004,45.643153526970956,55.684647302904565,94.77178423236515,91.28630705394191,35.684647302904565,55.10373443983402,69.29460580912863,Problem Solver
6976fefd-f620-8321-8129-adaae0fcd43f,Recovering Old Code,2,1,1,1.0,0.00454685,1,26391.89768740996,187.0,187.0,187,42.0,42,5,Monday,January,2026,5,3,other,0,18.39557399723375,35.26970954356847,42.946058091286304,42.32365145228216,70.53941908713693,99.5850622406639,18.506224066390043,9.751037344398341,Explorer
6976ff9c-1488-8322-9912-2f6f9e2ac002,Code Upload Instructions,10,5,5,1.0,10.133791466666668,1,59.20784949775165,111.2,55.0,403,11.8,59,5,Monday,January,2026,5,5,troubleshoot,2,48.7551867219917,38.17427385892116,42.03319502074689,85.8091286307054,76.34854771784232,43.15352697095436,48.13278008298755,51.55601659751038,Problem Solver
6977024e-4e48-8323-9911-98a70d672747,Whisper Module Installation Error,2,1,1,1.0,0.0089454,1,13414.7159433899,369.0,369.0,369,38.0,38,5,Monday,January,2026,5,1,troubleshoot,2,19.08713692946058,26.45228215767635,45.228215767634865,71.74273858921163,52.9045643153527,97.5103734439834,19.75103734439834,9.751037344398341,Problem Solver
69770f41-469c-8322-b707-bb8c120e245f,Alternatives to Streamlit in Colab,2,1,1,1.0,0.0089754666666666,1,13369.778358785432,81.0,81.0,81,15.0,15,6,Monday,January,2026,6,2,other,0,19.225449515905947,33.29875518672199,32.448132780082986,39.95850622406639,66.59751037344398,97.0954356846473,20.0,9.751037344398341,Explorer
697725d3-021c-8320-9910-10c870e78119,Cluttered Audio Video Datasets,8,4,4,1.0,1.8777803833333333,1,255.620947082177,32.75,28.0,66,5.25,21,8,Monday,January,2026,8,1,create_content,1,39.07330567081605,26.45228215767635,19.12863070539419,31.74273858921162,52.9045643153527,75.51867219917013,35.18672199170125,43.983402489626556,Creator
69772c82-7670-8323-8478-4164251c0e7e,Gradio audio file error,2,1,1,1.0,0.00932445,1,12869.391760371924,0.0,0.0,0,0.0,0,8,Monday,January,2026,8,0,other,0,19.50207468879668,10.477178423236515,0.6224066390041494,12.572614107883817,20.95435684647303,96.2655601659751,20.49792531120332,9.751037344398341,Explorer
69830638-1c5c-8323-9814-0da14173ec2d,PDF Analysis Assistance,16,8,8,1.0,12.138210733333333,1,79.08908661172748,34.375,33.0,75,6.75,54,8,Wednesday,February,2026,8,0,build,2,53.87275242047027,60.477178423236516,26.307053941908716,12.572614107883817,20.95435684647303,51.037344398340245,49.37759336099585,65.35269709543569,Builder
698341ae-c330-8320-9673-c0e03744dcaa,Publication Paper Content,14,7,7,1.0,16.358348833333334,1,51.349925873223576,19.714285714285715,17.0,42,4.0,28,12,Wednesday,February,2026,13,0,create_content,1,54.49515905947442,10.477178423236515,13.029045643153529,12.572614107883817,20.95435684647303,40.66390041493776,52.61410788381743,61.51452282157676,Creator
6986c1f4-a618-8322-9c2d-e804980e6e80,Data Analytics Project Ideas,8,4,4,1.0,15.43381815,1,31.10053489907162,40.5,34.0,73,6.75,27,4,Saturday,February,2026,4,6,build,1,48.47856154910097,89.73029045643153,24.066390041493776,47.676348547717836,79.46058091286307,27.385892116182575,52.11618257261411,43.983402489626556,Builder
6986c944-0e9c-8322-b51b-1ec7e9e74d87,DSA Concepts Explained Simply,2,1,1,1.0,0.0082348666666666,1,14572.184937218171,218.0,218.0,218,33.0,33,5,Saturday,February,2026,5,0,learn,2,18.81051175656985,10.477178423236515,82.0746887966805,12.572614107883817,20.95435684647303,98.3402489626556,19.253112033195023,9.751037344398341,Learner
6986cf21-b210-8321-9156-dd4226dc3931,Resume Bullet Points,2,1,1,1.0,0.0166582666666666,1,7203.6306298374375,418.0,418.0,418,64.0,64,5,Saturday,February,2026,5,1,research,2,20.193637621023512,26.45228215767635,48.38174273858922,31.74273858921162,52.9045643153527,94.1908713692946,21.74273858921162,9.751037344398341,Researcher
69870497-a1c8-8322-9fc0-1e1d10e49672,Murder Mystery Challenge,50,25,25,1.0,80.61099136666667,1,37.215768583644106,33.0,8.0,195,5.96,149,9,Saturday,February,2026,10,4,build,5,69.29460580912864,86.82572614107883,29.211618257261414,44.190871369294605,73.65145228215768,30.29045643153527,62.82157676348548,89.21161825726142,Builder
6987326d-d1d4-8324-afef-550972b9f8c1,Book Cover Design,2,2,0,,0.7742166666666667,1,154.99537166598498,49.0,49.0,98,11.0,22,12,Saturday,February,2026,12,0,other,0,25.03457814661134,10.477178423236515,25.684647302904565,12.572614107883817,20.95435684647303,65.97510373443983,30.456431535269708,17.531120331950206,Explorer
698734c0-b4a0-83a8-95da-0a8f0cabe0cb,Poster Design Request,4,4,0,,23.59369998333333,1,10.172206994644196,33.5,15.5,95,6.0,24,12,Saturday,February,2026,12,1,build,1,43.291839557399726,76.45228215767635,20.37344398340249,31.74273858921162,52.9045643153527,17.842323651452283,54.85477178423236,33.92116182572614,Builder
69873ae6-5f80-8320-897a-2aaf61e04a48,Branch · Poster Design Request,7,6,1,6.0,35.638448716666666,1,11.785024745018797,26.5,8.0,95,4.0,24,12,Saturday,February,2026,13,0,build,1,50.13831258644537,60.477178423236516,15.062240663900416,12.572614107883817,20.95435684647303,18.672199170124482,58.09128630705394,48.13278008298755,Builder
698ac077-04e8-8323-9a3a-d29bbb8f143c,Java Syntax Overview,5,2,3,0.6666666666666666,3.38382835,1,88.65697930570266,15.5,15.5,20,3.0,6,5,Tuesday,February,2026,5,3,other,0,36.23789764868603,35.26970954356847,4.605809128630705,42.32365145228216,70.53941908713693,54.77178423236515,38.67219917012448,27.489626556016596,Explorer
6994131e-01dc-8320-8782-904a117dc679,Small Business Ideas,31,15,16,0.9375,23.583300233333333,1,78.8693686463365,42.46666666666667,37.0,174,8.666666666666666,130,7,Tuesday,February,2026,7,0,learn,4,62.10235131396957,10.477178423236515,72.69709543568464,12.572614107883817,20.95435684647303,50.62240663900415,54.6058091286307,80.70539419087137,Learner
69a16d15-5370-8321-947c-811fe092557f,Streamlit Web App in Colab,3,1,2,0.5,0.4355786166666666,1,413.24342635889263,63.0,63.0,63,15.0,15,10,Friday,February,2026,10,0,other,0,27.38589211618257,10.477178423236515,29.294605809128633,12.572614107883817,20.95435684647303,80.91286307053942,29.211618257261414,14.315352697095436,Explorer
69a5b009-bf40-8320-9c11-cba7367841c2,Running Python in Colab,12,6,6,1.0,9.37472705,1,76.80223607150248,216.66666666666663,198.5,435,25.666666666666668,154,15,Monday,March,2026,15,16,build,5,50.06915629322268,93.98340248962656,49.33609958506224,52.780082987551864,87.96680497925311,48.96265560165975,47.385892116182575,56.95020746887967,Builder
69a5ce7f-a500-8321-ba62-616fcd1ce4b8,Whisper Module Error Fix,2,1,1,1.0,0.0671944333333333,1,1785.8622217217394,179.0,179.0,179,14.0,14,17,Monday,March,2026,17,0,build,2,22.68326417704011,60.477178423236516,36.59751037344399,12.572614107883817,20.95435684647303,86.30705394190872,26.224066390041493,9.751037344398341,Builder
69a5ceec-7258-8323-a75a-52ef689131a5,Whisper Module Installation,2,1,1,1.0,0.0182642666666666,1,6570.206304477962,179.0,179.0,179,14.0,14,17,Monday,March,2026,17,0,build,2,20.33195020746888,60.477178423236516,36.59751037344399,12.572614107883817,20.95435684647303,93.7759336099585,21.991701244813278,9.751037344398341,Builder
69a5d0e4-7c10-8324-afa9-ed17bccb995d,ModuleNotFoundError Fix,30,15,15,1.0,475.5797436,2,3.7848542210282647,599.0666666666667,189.0,2457,54.13333333333333,812,18,Monday,March,2026,1,55,build,24,86.7911479944675,97.30290456431536,55.601659751037346,56.76348547717841,94.6058091286307,10.78838174273859,89.95850622406638,80.18672199170123,Builder
69a92b47-95b0-8324-b174-307ee4b212d6,Secondary Subject Area Suggestions,2,1,1,1.0,0.0125597,1,9554.36833682333,47.0,47.0,47,9.0,9,7,Thursday,March,2026,7,0,other,0,19.640387275242045,10.477178423236515,21.70124481327801,12.572614107883817,20.95435684647303,95.850622406639,20.74688796680498,9.751037344398341,Explorer
69ad3297-36ac-8321-acb7-a84427323898,Troubleshooting for Service Desk,18,9,9,1.0,68.97736743333333,1,15.657309639191736,23.22222222222222,8.0,67,4.0,36,8,Sunday,March,2026,9,0,learn,2,61.964038727524205,10.477178423236515,56.2240663900415,12.572614107883817,20.95435684647303,20.74688796680498,61.327800829875514,69.29460580912863,Learner
69ad45a7-0dc4-8322-8bfe-262516c4a230,Change Registered Owner Name,9,4,5,0.8,12.541497633333334,1,43.05705871719536,58.75,63.0,66,11.0,44,9,Sunday,March,2026,9,0,research,1,48.61687413554633,10.477178423236515,34.19087136929461,12.572614107883817,20.95435684647303,34.024896265560166,49.62655601659751,46.2655601659751,Researcher
69aee890-840c-8323-b595-4f127ad7ebf8,Self Introduction Project Explanation,2,1,1,1.0,1.1155368166666666,1,107.57152808149512,34.0,34.0,34,5.0,5,15,Monday,March,2026,15,0,build,1,26.14107883817427,60.477178423236516,15.518672199170124,12.572614107883817,20.95435684647303,58.50622406639005,32.448132780082986,9.751037344398341,Builder
69aee8be-4310-8324-b710-2a352c5c1db4,What is an OS,34,17,17,1.0,5.734839699999999,1,355.7204920653668,27.0,24.0,51,4.823529411764706,82,15,Monday,March,2026,15,0,other,0,56.98478561549101,10.477178423236515,22.655601659751042,12.572614107883817,20.95435684647303,78.42323651452283,43.65145228215768,83.92116182572614,Explorer
69aeea3b-edb4-8322-9c05-ddd20f892069,IT Support Concepts,4,2,2,1.0,0.4875552333333333,1,492.251920585818,340.0,340.0,487,61.5,123,15,Monday,March,2026,15,1,troubleshoot,2,29.322268326417703,26.45228215767635,50.456431535269715,71.74273858921163,52.9045643153527,82.57261410788381,29.70954356846473,24.5850622406639,Problem Solver
69b16696-74a4-8321-b7ea-4c9787952a2a,Resume Improvement Tips,34,17,17,1.0,53.899935883333335,1,37.84791144122304,228.11764705882356,37.0,2674,32.0,544,12,Wednesday,March,2026,13,11,learn,9,66.11341632088521,42.427385892116185,91.65975103734439,50.91286307053942,84.85477178423237,31.12033195020747,60.08298755186722,83.92116182572614,Learner
69b16ad9-6774-8321-a216-039e8155afc7,Change Canva Template Fast,2,1,1,1.0,0.0064471,1,18613.01980735525,129.0,129.0,129,28.0,28,13,Wednesday,March,2026,13,0,other,0,18.533886583679116,10.477178423236515,38.755186721991706,12.572614107883817,20.95435684647303,99.1701244813278,18.755186721991702,9.751037344398341,Explorer
69b170b0-9c7c-8323-ae91-7bc7b2516071,GitHub in Resume,2,1,1,1.0,0.0092409,1,12985.748141414795,62.0,62.0,62,7.0,7,13,Wednesday,March,2026,13,1,other,0,19.363762102351313,26.45228215767635,26.224066390041493,31.74273858921162,52.9045643153527,96.6804979253112,20.24896265560166,9.751037344398341,Explorer
69b2c1de-426c-83a6-b761-50964dcf5038,Adobe Express Premium Ideas,8,4,4,1.0,10.146785033333334,1,47.30562423695248,53.75,50.0,115,11.0,44,13,Thursday,March,2026,13,0,other,0,46.403872752420476,10.477178423236515,31.867219917012452,12.572614107883817,20.95435684647303,37.344398340248965,48.38174273858921,43.983402489626556,Explorer
69b2c497-30a0-8321-be80-82b0aa94b1cd,Anonymous Page Ideas,25,14,11,1.2727272727272727,35.024741033333335,1,42.82686911439081,20.714285714285715,11.5,124,4.0,56,13,Thursday,March,2026,13,0,build,1,62.3789764868603,60.477178423236516,17.261410788381745,12.572614107883817,20.95435684647303,33.60995850622407,57.59336099585062,77.80082987551867,Builder
69b81c44-6800-8323-b2a9-f3c864b538d3,Google Scholar IEEE Scopus,26,13,13,1.0,129.75613968333334,1,12.022552488129977,43.69230769230769,33.0,164,7.076923076923077,92,15,Monday,March,2026,15,0,research,2,67.21991701244814,10.477178423236515,32.36514522821577,12.572614107883817,20.95435684647303,19.08713692946058,65.8091286307054,77.38589211618259,Researcher
69b91478-2618-8322-af95-7b1dc95cc7cb,Notice Period Explanation,14,7,7,1.0,4.8591806166666665,1,172.86865137691237,29.142857142857142,28.0,72,5.428571428571429,38,8,Tuesday,March,2026,8,0,other,0,48.40940525587828,10.477178423236515,19.66804979253112,12.572614107883817,20.95435684647303,68.87966804979253,41.6597510373444,61.51452282157676,Explorer
69c211a7-bfe0-83a8-b42e-d20ee7500371,Find Accepted Paper ID,14,7,7,1.0,17.055584616666668,1,49.25073041349486,33.42857142857143,13.0,157,6.571428571428571,46,4,Tuesday,March,2026,4,1,research,1,54.77178423236515,26.45228215767635,24.81327800829876,31.74273858921162,52.9045643153527,38.589211618257266,53.11203319502075,61.51452282157676,Researcher
69c68d2c-0dc0-83e8-8766-6f274220cf63,Tech Support Resume Tips,12,6,6,1.0,16.455803,1,43.75356219322752,683.3333333333334,222.5,3248,90.0,540,14,Friday,March,2026,14,34,troubleshoot,11,53.11203319502075,46.058091286307054,55.518672199170126,95.26970954356847,92.11618257261411,34.85477178423236,52.86307053941909,56.95020746887967,Problem Solver
69ca811d-03b4-83e8-a63e-87c49e4542a8,Instruction clarification request,30,15,15,1.0,22.64125418333333,1,79.50089625887486,769.2666666666667,0.0,9843,60.66666666666666,910,13,Monday,March,2026,14,135,troubleshoot,4,61.61825726141078,48.54771784232365,56.59751037344398,98.25726141078837,97.0954356846473,51.45228215767634,54.356846473029044,80.18672199170123,Problem Solver
69cf2534-6e9c-83e8-b71c-cf1433242240,Co-author Details Formatting,24,12,12,1.0,45.84386345,1,31.41096521174635,30.25,31.0,62,4.333333333333333,52,2,Friday,April,2026,2,0,build,2,62.863070539419084,60.477178423236516,22.40663900414938,12.572614107883817,20.95435684647303,27.800829875518673,59.08713692946058,75.72614107883817,Builder
69cf3106-cc00-83e8-bc39-75ef121cb8a1,PPT Content Creation,8,4,4,1.0,9.65741745,1,49.702728755916006,19.0,12.5,48,3.75,15,3,Friday,April,2026,3,0,build,1,45.98893499308437,60.477178423236516,10.04149377593361,12.572614107883817,20.95435684647303,39.004149377593365,47.634854771784234,43.983402489626556,Builder
69d0be95-2d9c-83e8-a7e9-47b88cc29b23,Life Path Analysis,16,8,8,1.0,17.169568466666664,1,55.91287875777209,58.875,3.0,417,10.0,80,7,Saturday,April,2026,7,2,research,1,56.08575380359613,33.29875518672199,37.095435684647306,39.95850622406639,66.59751037344398,41.90871369294606,53.36099585062241,65.35269709543569,Researcher
69d659ab-1f58-83e8-b99d-4c07ca6cd662,Winget FFmpeg Installation Help,22,11,11,1.0,220.72651643333333,1,5.980251133074369,1385.909090909091,514.0,9768,122.0909090909091,1343,13,Wednesday,April,2026,13,191,learn,17,66.87413554633471,48.96265560165975,98.34024896265561,58.75518672199169,97.9253112033195,13.278008298755188,68.04979253112033,73.34024896265561,Learner
69d672d4-53cc-83e8-8322-f7b5a4c4755e,WAV Clarification Request,6,3,3,1.0,584.1911944,2,0.6162366078963959,10.333333333333334,3.0,25,2.333333333333333,7,15,Wednesday,April,2026,15,1,other,0,71.92254495159058,26.45228215767635,3.983402489626556,31.74273858921162,52.9045643153527,6.224066390041494,90.4564315352697,34.75103734439834,Explorer
69d67955-2d04-83e8-8f3e-5ec1782db5ac,Project Final Review Prep,2,1,1,1.0,0.0413334,1,2903.2211238368973,49.0,49.0,49,8.0,8,15,Wednesday,April,2026,15,1,learn,1,21.99170124481328,26.45228215767635,62.11618257261411,31.74273858921162,52.9045643153527,88.79668049792531,24.979253112033195,9.751037344398341,Learner
69d702eb-1f50-8322-b508-009ce4327769,ML Classifier Explanation,2,1,1,1.0,0.0187879,1,6387.089562963397,185.0,185.0,185,28.0,28,1,Thursday,April,2026,1,5,learn,1,20.60857538035961,38.17427385892116,80.08298755186722,45.809128630705395,76.34854771784232,92.9460580912863,22.489626556016596,9.751037344398341,Learner
69d72e2c-9370-8324-91f8-669c59d2241f,Intellectual Disability Overview,9,4,5,0.8,147.59905783333335,1,3.65855993884297,8.25,5.0,23,1.25,5,4,Thursday,April,2026,4,1,other,0,58.02213001383126,26.45228215767635,2.821576763485477,31.74273858921162,52.9045643153527,10.37344398340249,66.55601659751036,46.2655601659751,Explorer
69d7e042-87c0-83e8-9dd5-de2f4d363bc5,Video Clarity Improvement,13,6,7,0.8571428571428571,5.53110815,1,141.02056565283397,16.666666666666668,18.0,42,3.6666666666666665,22,17,Thursday,April,2026,17,0,create_content,1,48.61687413554633,10.477178423236515,10.24896265560166,12.572614107883817,20.95435684647303,63.90041493775933,43.40248962655602,58.09128630705394,Creator
69d89589-9380-83e8-93c4-d49f74901546,Graduation with Paws,4,2,2,1.0,0.8058865,1,297.8086864589493,64.0,64.0,117,14.0,28,6,Friday,April,2026,6,0,create_content,1,29.875518672199167,10.477178423236515,32.946058091286304,12.572614107883817,20.95435684647303,77.59336099585063,30.70539419087137,24.5850622406639,Creator
69d9cb50-ae54-83e8-833c-eeb705f61651,Worth Buying Verdict,14,7,7,1.0,10.75897605,1,78.07434425881077,54.285714285714285,61.0,108,10.857142857142858,76,4,Saturday,April,2026,4,0,other,0,52.28215767634854,10.477178423236515,34.60580912863071,12.572614107883817,20.95435684647303,49.79253112033195,48.63070539419087,61.51452282157676,Explorer
69d9d13a-5150-83e8-8e72-446d6f916ebb,Tablet options under ₹2000,5,2,3,0.6666666666666666,1.1477061,1,261.3909606300777,21.5,21.5,22,5.5,11,4,Saturday,April,2026,4,0,other,0,32.91839557399724,10.477178423236515,9.709543568464731,12.572614107883817,20.95435684647303,76.34854771784232,32.697095435684645,27.489626556016596,Explorer
69da618c-bf04-83e8-9333-eb8786362bdb,Instagram Login Check,4,2,2,1.0,0.6678534333333332,1,359.36028478903285,12.5,12.5,25,2.5,5,14,Saturday,April,2026,14,0,other,0,29.46058091286307,10.477178423236515,3.4854771784232366,12.572614107883817,20.95435684647303,78.83817427385893,29.95850622406639,24.5850622406639,Explorer
69db064e-cac0-83e8-ac8a-bf41efd9da33,4x6 Photo Poster Printing,11,5,6,0.8333333333333334,4.034162833333333,1,163.60271691231105,43.0,29.0,111,8.4,42,2,Sunday,April,2026,2,0,create_content,3,45.50484094052558,10.477178423236515,28.423236514522827,12.572614107883817,20.95435684647303,67.21991701244814,40.66390041493776,52.9045643153527,Creator
69dc7801-20e0-83e8-8bd9-a29beef51e21,Best tablet under ₹5000,52,26,26,1.0,45.08249953333333,1,69.20645554918973,17.846153846153847,8.0,105,3.6538461538461537,95,4,Monday,April,2026,5,1,research,1,67.3582295988935,26.45228215767635,19.170124481327804,31.74273858921162,52.9045643153527,45.22821576763486,58.83817427385892,90.04149377593362,Researcher
69dddef8-7228-83e8-9166-a726602a72b9,Echo Show 5 Review,10,5,5,1.0,11.547481883333337,1,51.95938006761367,23.2,26.0,60,2.8,14,6,Tuesday,April,2026,6,1,learn,1,49.170124481327804,26.45228215767635,51.53526970954357,31.74273858921162,52.9045643153527,41.078838174273855,48.879668049792535,51.55601659751038,Learner
69de04fa-4cbc-83e8-ba17-ba2e1e84b9cb,4x6 Poster Placement Tips,5,2,3,0.6666666666666666,1.2350391333333337,1,242.90728277597893,38.0,38.0,38,7.5,15,9,Tuesday,April,2026,9,0,create_content,3,33.056708160442604,10.477178423236515,20.8298755186722,12.572614107883817,20.95435684647303,74.68879668049793,32.946058091286304,27.489626556016596,Creator
69de299a-59dc-83e8-abec-b911bb9c5000,Study Photography Basics,11,5,6,0.8333333333333334,5.3147559,1,124.18256123484431,36.6,43.0,57,6.6,33,11,Tuesday,April,2026,11,0,learn,1,46.47302904564315,10.477178423236515,63.81742738589212,12.572614107883817,20.95435684647303,61.41078838174274,42.406639004149376,52.9045643153527,Learner
69de2c0f-45cc-83e8-b938-f47872e3111a,Weight Loss Plan,18,9,9,1.0,11.703229066666667,1,92.28222346566506,56.0,63.0,89,10.0,90,11,Tuesday,April,2026,12,3,build,3,55.18672199170124,85.26970954356847,36.2655601659751,42.32365145228216,70.53941908713693,55.601659751037346,49.128630705394194,69.29460580912863,Builder
69df52d5-823c-83e8-9323-5b4db6182e2d,Job Posting Assistance,8,3,5,0.6,18.8647782,1,25.44424296491331,62.333333333333336,44.0,143,13.0,39,8,Wednesday,April,2026,8,1,learn,1,49.446749654218536,26.45228215767635,74.02489626556016,31.74273858921162,52.9045643153527,24.481327800829874,53.85892116182573,39.62655601659751,Learner
69e0f51f-bda8-83e8-9005-0743ac3b6d6a,Shy Romantic Song Captions,14,7,7,1.0,55.02318043333333,1,15.26629310382654,71.57142857142857,40.0,150,14.285714285714286,100,14,Thursday,April,2026,14,0,create_content,2,58.78284923928078,10.477178423236515,41.07883817427386,12.572614107883817,20.95435684647303,20.33195020746888,60.33195020746888,61.51452282157676,Creator
69e225b2-0fc8-83e8-9b04-629c8b58780a,Find Jio Number,4,2,2,1.0,0.6911287500000001,1,347.2580181333796,32.0,32.0,49,7.0,14,12,Friday,April,2026,12,0,other,0,29.598893499308435,10.477178423236515,16.929460580912863,12.572614107883817,20.95435684647303,78.00829875518673,30.20746887966805,24.5850622406639,Explorer
69e22cde-2304-83e8-ab5a-256f4f580697,Jio SIM in Tablet,6,3,3,1.0,1.6549921166666666,1,217.52369475032847,49.66666666666666,63.0,70,10.666666666666666,32,12,Friday,April,2026,12,0,other,0,35.26970954356847,10.477178423236515,28.29875518672199,12.572614107883817,20.95435684647303,72.61410788381743,34.19087136929461,34.75103734439834,Explorer
69e2309f-14a8-83e8-a22c-689ae5498c2b,Jio SIM Activation Issues,4,2,2,1.0,3.5920463,1,66.81428354640084,24.0,24.0,28,5.0,10,13,Friday,April,2026,13,0,other,0,35.131396957123094,10.477178423236515,10.70539419087137,12.572614107883817,20.95435684647303,44.81327800829876,40.16597510373444,24.5850622406639,Explorer
69e23552-4fdc-83e8-8eb1-6e2889c4c55f,Redmi Pad 2 Details,2,1,1,1.0,0.02153965,1,5571.121164921435,30.0,30.0,30,6.0,6,13,Friday,April,2026,13,1,other,0,21.16182572614108,26.45228215767635,12.406639004149378,31.74273858921162,52.9045643153527,91.28630705394191,23.48547717842324,9.751037344398341,Explorer
69e3063e-4ba0-83e8-b835-3f010c8e35ea,Central Government Jobs Guide,12,6,6,1.0,5783.112992416666,2,0.1245004206115509,10.5,6.5,23,2.1666666666666665,13,4,Tuesday,April,2026,4,2,other,0,82.01936376210234,33.29875518672199,6.058091286307054,39.95850622406639,66.59751037344398,2.904564315352697,95.18672199170123,56.95020746887967,Explorer
69e309da-f7cc-83e8-bd9f-928e64524f14,Stenographer Role and Exams,27,13,14,0.9285714285714286,761.2904268666666,2,2.1279658101936554,31.46153846153846,36.0,59,5.769230769230769,75,16,Friday,April,2026,4,0,planning,1,87.2060857538036,10.477178423236515,25.228215767634854,12.572614107883817,20.95435684647303,8.71369294605809,91.45228215767635,77.9045643153527,Planner
69e313ba-0ee4-83e8-a3ad-471b333d52d5,SSC Phase-XIV Exam Details,4,2,2,1.0,1.7555063166666665,1,136.7126952044861,6.0,6.0,12,1.5,3,5,Saturday,April,2026,5,0,other,0,32.088520055325034,10.477178423236515,2.074688796680498,12.572614107883817,20.95435684647303,62.655601659751035,34.68879668049793,24.5850622406639,Explorer
69e480e6-ca10-83e8-96e4-3d7e83f44ab8,Chocolate Milkshake Recipe,19,9,10,0.9,4910.4168458,2,0.2321595163504438,31.33333333333333,31.0,60,5.0,45,21,Wednesday,April,2026,7,0,build,1,86.3070539419087,60.477178423236516,22.9045643153527,12.572614107883817,20.95435684647303,4.149377593360995,94.68879668049793,69.91701244813277,Builder
69e87366-bf48-83e8-8167-18fcb8487c08,Nighttime Flash Photography,1,1,0,,0.0,1,0.0,479.0,479.0,479,68.0,68,7,Wednesday,April,2026,7,1,other,0,15.07607192254495,26.45228215767635,49.54356846473029,31.74273858921162,52.9045643153527,0.4149377593360996,18.008298755186722,5.186721991701245,Explorer
69e873e3-68d8-83e8-a308-373c022495b6,Email Response to Complaint,6,3,3,1.0,6.054428633333333,1,59.46060673966488,5.0,2.0,13,1.3333333333333333,4,7,Wednesday,April,2026,7,0,build,1,40.94052558782849,60.477178423236516,2.116182572614108,12.572614107883817,20.95435684647303,43.56846473029046,44.398340248962654,34.75103734439834,Builder
69e876f9-600c-83e8-be66-0ad9c635624f,Poster Display Ideas,10,5,5,1.0,14365.442049833331,2,0.0417669012842498,56.4,36.0,148,11.8,59,7,Wednesday,April,2026,7,1,create_content,2,80.9820193637621,26.45228215767635,34.56431535269709,31.74273858921162,52.9045643153527,1.2448132780082988,96.43153526970954,51.55601659751038,Creator
69e9917d-01bc-83e8-b823-b7a978223e11,Voting Caption Ideas,7,3,4,0.75,1.633069916666667,1,257.1843346776488,30.666666666666668,41.0,47,6.666666666666667,20,3,Thursday,April,2026,3,0,other,0,36.583679114799445,10.477178423236515,17.053941908713693,12.572614107883817,20.95435684647303,75.93360995850622,33.69294605809129,37.136929460580916,Explorer
69eb0f0b-1234-83e8-b794-26acff131e68,Caption suggestions for post,4,2,2,1.0,5.496557883333334,1,43.66369009370904,16.0,16.0,28,3.0,6,6,Friday,April,2026,6,0,create_content,1,36.65283540802213,10.477178423236515,5.435684647302905,12.572614107883817,20.95435684647303,34.439834024896264,42.9045643153527,24.5850622406639,Creator
69eeebb4-e284-83e8-b873-35f00a029a3b,Resume Project Entry,10,5,5,1.0,3.57665595,1,167.75446349543347,208.4,36.0,899,27.4,137,4,Monday,April,2026,4,10,build,6,43.91424619640387,92.11618257261411,48.54771784232366,50.53941908713693,84.23236514522821,68.46473029045643,39.41908713692946,51.55601659751038,Builder
69f03d1a-c9ac-83e8-955d-e61f258ef5df,AI&DS Application Follow-up,6,3,3,1.0,1.7006841833333333,1,211.6795131794556,124.66666666666669,136.0,218,23.666666666666668,71,4,Tuesday,April,2026,4,4,learn,1,35.408022130013826,36.82572614107884,83.56846473029046,44.190871369294605,73.65145228215768,72.19917012448133,34.43983402489627,34.75103734439834,Learner
69f041a0-c874-83e8-bf31-1d7dd7bcb59a,SSC CGL Prep Guide,27,13,14,0.9285714285714286,24483.46051576667,2,0.0661671171424793,38.07692307692308,31.0,130,7.230769230769231,94,5,Tuesday,April,2026,5,1,other,0,90.24896265560166,26.45228215767635,30.37344398340249,31.74273858921162,52.9045643153527,2.0746887966804977,96.92946058091286,77.9045643153527,Explorer
69f1fae5-f140-83e8-9e07-b495a2a1ba39,Image Generation Prompt,4,2,2,1.0,0.8777548500000001,1,273.424863445642,442.5,442.5,870,71.5,143,12,Wednesday,April,2026,12,7,build,1,30.1521438450899,91.2863070539419,51.867219917012456,49.543568464730285,82.57261410788381,77.17842323651453,31.20331950207469,24.5850622406639,Builder
69f1fb4c-d1c0-83e8-b092-0ce59c436844,AI Image Prompt Creation,6,3,3,1.0,2.1836004,1,164.8653297553893,1174.3333333333333,870.0,2639,187.66666666666663,563,12,Wednesday,April,2026,12,20,build,3,36.376210235131396,94.50207468879668,56.92946058091287,53.40248962655601,89.00414937759335,67.63485477178423,36.18257261410788,34.75103734439834,Builder
69f5668c-3248-83e8-b50c-81dd3d48c7f5,Skin Glow Routine,24,12,12,1.0,13.412351766666664,1,107.36372151965108,37.5,38.5,77,8.166666666666666,98,2,Saturday,May,2026,2,2,planning,2,58.16044260027663,33.29875518672199,30.33195020746888,39.95850622406639,66.59751037344398,58.09128630705395,50.622406639004154,75.72614107883817,Planner
69f569e3-29ec-83e8-8c4a-fbcf0f352d26,Personalized Daily Plan,23,13,10,1.3,136.13559998333332,1,10.136951687647828,53.92307692307692,24.0,291,9.076923076923077,118,3,Saturday,May,2026,5,3,build,2,66.25172890733057,85.26970954356847,36.05809128630706,42.32365145228216,70.53941908713693,17.42738589211618,66.05809128630705,75.72614107883818,Builder
69f58a63-711c-83e8-a40b-9abefb997ec8,Sock size guide,8,4,4,1.0,8558.463426133334,2,0.0560848339357642,15.5,15.5,31,3.0,12,6,Sunday,April,2026,5,0,other,0,78.21576763485477,10.477178423236515,6.763485477178424,12.572614107883817,20.95435684647303,1.6597510373443984,95.93360995850622,43.983402489626556,Explorer
69f72315-0fa8-83e8-ad93-bf2d4044d57b,Track Steps and Cycling,4,2,2,1.0,2.318979783333333,1,103.49378710625098,49.0,49.0,54,9.0,18,10,Sunday,May,2026,10,0,other,0,33.19502074688796,10.477178423236515,24.77178423236515,12.572614107883817,20.95435684647303,56.84647302904564,36.6804979253112,24.5850622406639,Explorer
69f826d5-7434-83e8-9ddd-f9a45b5aa4f4,Using Fresh Mehndi Leaves,2,1,1,1.0,0.0361403166666666,1,3320.3914926035977,55.0,55.0,55,11.0,11,4,Monday,May,2026,4,1,other,0,21.715076071922542,26.45228215767635,25.145228215767638,31.74273858921162,52.9045643153527,89.62655601659752,24.481327800829877,9.751037344398341,Explorer
69f987c6-faec-83e8-9880-8c62fe949f17,Phone Comparison Advice,2,1,1,1.0,0.1458664,1,822.6706081729582,32.0,32.0,32,7.0,7,6,Tuesday,May,2026,6,0,research,1,23.236514522821576,10.477178423236515,14.605809128630707,12.572614107883817,20.95435684647303,84.23236514522821,27.219917012448132,9.751037344398341,Researcher
69f9e809-1764-83e8-a688-157a1bdcff20,Photography Beginner Tips,14,7,7,1.0,17.682354966666665,1,47.50498457832679,21.142857142857142,16.0,62,4.0,28,12,Tuesday,May,2026,12,1,learn,2,55.04840940525588,26.45228215767635,53.85892116182573,31.74273858921162,52.9045643153527,37.75933609958506,53.60995850622407,61.51452282157676,Learner
69f9ecd0-e510-83e8-b564-3f7f5e11b345,Faceless Content Ideas,48,24,24,1.0,8380.618815016667,4,0.3436500410732823,79.33333333333333,37.0,476,15.0,360,13,Tuesday,May,2026,6,2,create_content,4,94.53665283540802,33.29875518672199,44.315352697095435,39.95850622406639,66.59751037344398,4.979253112033195,98.09128630705393,87.96680497925311,Creator
69fb3b21-c6d0-83e8-8d44-79363b252ef9,Caption Suggestions,2,1,1,1.0,0.0188495166666666,1,6366.210981537103,16.0,16.0,16,3.0,3,12,Wednesday,May,2026,12,0,create_content,1,20.885200553250346,10.477178423236515,4.564315352697095,12.572614107883817,20.95435684647303,92.11618257261411,22.987551867219917,9.751037344398341,Creator
69fec9e5-7e10-83e9-86a1-b07cc814cb65,Hotspot Data Consumption Issues,2,1,1,1.0,0.0198058166666666,1,6058.826152923089,85.0,85.0,85,18.0,18,5,Saturday,May,2026,5,0,other,0,21.023513139695712,10.477178423236515,32.9045643153527,12.572614107883817,20.95435684647303,91.70124481327801,23.236514522821576,9.751037344398341,Explorer
69ffec63-2b88-83ec-b178-c6e8d4437548,Short Hair Captions,2,1,1,1.0,0.0134773,1,8903.860565543544,31.0,31.0,31,7.0,7,2,Sunday,May,2026,2,1,create_content,1,19.778699861687414,26.45228215767635,13.858921161825727,31.74273858921162,52.9045643153527,95.4356846473029,20.99585062240664,9.751037344398341,Creator
6a015e84-5f6c-83e9-8c42-51c8c54dd5a8,Commerce with Business Maths Degrees,30,15,15,1.0,30.800733316666665,1,58.44016704063332,38.266666666666666,27.0,109,6.533333333333333,98,4,Monday,May,2026,4,1,learn,2,62.44813278008298,26.45228215767635,70.8298755186722,31.74273858921162,52.9045643153527,42.738589211618255,55.850622406639,80.18672199170123,Learner
6a0412d4-e994-83e9-9f38-19b2eb5bc650,Content Creator Bio Ideas,10,5,5,1.0,232.9084969,1,2.5761189822869017,91.4,43.0,212,13.0,65,5,Wednesday,May,2026,5,0,create_content,10,59.95850622406639,10.477178423236515,41.03734439834025,12.572614107883817,20.95435684647303,9.95850622406639,68.29875518672199,51.55601659751038,Creator
6a042726-1eb0-83e9-9d87-541b0bc2986a,Insert button battery,6,3,3,1.0,1.9085817,1,188.62173937851335,7.0,0.0,21,1.0,3,7,Wednesday,May,2026,7,0,other,0,35.9612724757953,10.477178423236515,2.240663900414938,12.572614107883817,20.95435684647303,70.53941908713693,35.43568464730291,34.75103734439834,Explorer
6a044766-5808-83e9-ad71-c195c8c7bae6,Legit Online Typing Jobs,4,2,2,1.0,1.0428011666666666,1,230.1493397510903,56.0,56.0,63,11.0,22,9,Wednesday,May,2026,9,0,other,0,30.70539419087137,10.477178423236515,28.340248962655604,12.572614107883817,20.95435684647303,73.44398340248964,32.19917012448133,24.5850622406639,Explorer
6a05c9c9-57c0-83e8-99d4-7c66aa9232c5,Best camera multitasking phone,8,4,4,1.0,6.113760883333333,1,78.51141206855563,26.0,19.5,50,5.0,20,13,Thursday,May,2026,13,0,other,0,44.32918395573997,10.477178423236515,14.066390041493776,12.572614107883817,20.95435684647303,50.20746887966805,44.64730290456431,43.983402489626556,Explorer
6a06abfb-bcd0-83e8-a27d-93851695fe18,CECC Acronym Meaning,12,6,6,1.0,3.11191235,1,231.3689844124305,39.333333333333336,28.0,114,6.0,36,5,Friday,May,2026,5,1,learn,1,45.08990318118949,26.45228215767635,65.35269709543569,31.74273858921162,52.9045643153527,73.85892116182573,38.42323651452282,56.95020746887967,Learner
6a07ed91-9908-83e8-9157-4637971dd1e0,Best Camera Mobiles 2026,4,2,2,1.0,1.0170311666666667,1,235.98096879036976,15.5,15.5,23,3.0,6,4,Saturday,May,2026,4,0,other,0,30.567081604426004,10.477178423236515,4.605809128630705,12.572614107883817,20.95435684647303,74.27385892116183,31.95020746887967,24.5850622406639,Explorer
6a09490e-6694-83ec-b908-6eb6b34ad665,Infosys Test Error Fix,8,4,4,1.0,56.72490508333333,1,8.461891638158624,103.75,97.5,187,18.25,73,4,Sunday,May,2026,4,2,troubleshoot,2,53.18118948824343,33.29875518672199,42.73858921161826,79.95850622406638,66.59751037344398,14.937759336099585,60.58091286307054,43.983402489626556,Problem Solver
6a094d1b-ed18-83e8-b2a9-50eeab723a58,Python meeting scheduler,9,5,4,1.25,14.24953895,1,37.89596294271683,53.2,36.0,98,10.6,53,5,Sunday,May,2026,5,4,troubleshoot,1,49.446749654218536,36.82572614107884,32.323651452282164,84.1908713692946,73.65145228215768,31.535269709543567,51.12033195020747,50.10373443983403,Problem Solver
6a0a6d18-b1d8-83ec-9931-c88004a574ee,Samsung 4C Error Fix,6,3,3,1.0,6.351399433333333,1,56.68042197293602,111.66666666666669,151.0,153,21.666666666666668,65,1,Monday,May,2026,1,2,troubleshoot,1,41.355463347164594,33.29875518672199,42.86307053941909,79.95850622406638,66.59751037344398,42.32365145228216,45.14522821576763,34.75103734439834,Problem Solver
6a0c7111-9ed8-83ec-a0b0-569c3594fe8a,Language Learning for Growth,14,7,7,1.0,2.328349983333333,1,360.7705052989636,28.0,27.0,54,5.714285714285714,40,14,Tuesday,May,2026,14,0,create_content,2,45.78146611341632,10.477178423236515,19.70954356846473,12.572614107883817,20.95435684647303,79.25311203319502,36.92946058091286,61.51452282157676,Creator
6a0c7c10-ddc4-83ec-b96b-e56ad6682f0f,TCS NQT Test Prep,22,11,11,1.0,743.2900147833334,2,1.7758882451619853,28.09090909090909,25.0,62,5.181818181818182,57,15,Tuesday,May,2026,3,2,create_content,1,84.99308437067772,33.29875518672199,21.53526970954357,39.95850622406639,66.59751037344398,7.468879668049793,90.95435684647303,73.34024896265561,Creator
6a0fdf4d-60fc-83e8-94ce-1a9c0746d649,Double-Sided Card Canva,16,9,7,1.2857142857142858,7.924919200000001,1,121.1368817489016,21.11111111111111,16.0,44,4.333333333333333,39,4,Friday,May,2026,4,0,build,1,52.35131396957123,60.477178423236516,15.767634854771785,12.572614107883817,20.95435684647303,60.99585062240664,46.63900414937759,67.11618257261411,Builder
6a143e70-4208-8322-bb6e-a9e9aa8a281c,Black Screen After Login,2,1,1,1.0,0.0255696833333333,1,4693.057729172764,92.0,92.0,92,19.0,19,12,Monday,May,2026,12,0,other,0,21.576763485477176,10.477178423236515,34.232365145228215,12.572614107883817,20.95435684647303,90.04149377593362,24.232365145228215,9.751037344398341,Explorer
6a147e27-419c-8323-a91a-ff755df4b5d0,Night Photography Tips,2,1,1,1.0,0.0409779333333333,1,2928.405369393934,52.0,52.0,52,10.0,10,16,Monday,May,2026,16,0,other,0,21.85338865836791,10.477178423236515,23.568464730290454,12.572614107883817,20.95435684647303,89.21161825726142,24.730290456431536,9.751037344398341,Explorer
6a153ac8-f66c-8323-a886-e6c83e5ad359,Free Digital Marketing Courses,8,4,4,1.0,2055.32624565,2,0.2335395662931357,35.25,33.0,58,6.0,24,6,Tuesday,May,2026,6,0,other,0,76.8326417704011,10.477178423236515,21.53526970954357,12.572614107883817,20.95435684647303,4.564315352697095,93.44398340248962,43.983402489626556,Explorer
6a17d638-bf18-8323-85a3-dc7cae7e5c2f,Nexellence RPO Overview,10,5,5,1.0,5.521763750000001,1,108.6609328405258,23.2,32.0,45,2.2,11,5,Thursday,May,2026,5,0,research,2,45.98893499308437,10.477178423236515,10.456431535269711,12.572614107883817,20.95435684647303,58.921161825726145,43.15352697095436,51.55601659751038,Researcher
6a17da65-e764-83a9-8fe7-30d0d39c6f5e,AI/ML Experience Guidance,4,2,2,1.0,5.776464633333333,1,41.54790433842005,0.0,0.0,0,0.0,0,6,Thursday,May,2026,6,0,other,0,37.2060857538036,10.477178423236515,0.6224066390041494,12.572614107883817,20.95435684647303,33.19502074688796,43.90041493775934,24.5850622406639,Explorer
6a1d2a85-a92c-8320-83da-f187626a9b08,Eye Scratch and Dark Circles,2,1,1,1.0,0.0516831166666666,1,2321.8414008185136,86.0,86.0,86,20.0,20,6,Monday,June,2026,6,0,other,0,22.268326417704014,10.477178423236515,33.56846473029046,12.572614107883817,20.95435684647303,87.55186721991701,25.477178423236516,9.751037344398341,Explorer
6a207d63-e3e8-8323-94e2-d1abb5e59e01,Redmi 10 IR Issue,11,5,6,0.8333333333333334,3.5875489833333334,1,183.96961353452184,24.2,13.0,79,5.2,26,19,Wednesday,June,2026,19,0,other,0,45.08990318118949,10.477178423236515,14.854771784232366,12.572614107883817,20.95435684647303,69.29460580912863,39.91701244813278,52.9045643153527,Explorer
6a212f26-b70c-8323-92e8-ab53bf5f7823,Fresher Developer Role Chennai,2,1,1,1.0,0.2997488333333333,1,400.3351695002427,873.0,873.0,873,135.0,135,7,Thursday,June,2026,7,5,build,3,23.789764868603044,88.17427385892117,53.94190871369295,45.809128630705395,76.34854771784232,80.08298755186722,28.21576763485477,9.751037344398341,Builder
6a22d6a2-62bc-8322-856b-43499321ce00,Parametric Line Equation,8,4,4,1.0,6.88852435,1,69.68110666546457,17.5,19.5,31,3.25,13,14,Friday,June,2026,14,1,learn,1,45.0207468879668,26.45228215767635,48.71369294605809,31.74273858921162,52.9045643153527,45.643153526970956,45.89211618257261,43.983402489626556,Learner
6a22db2e-1e48-8321-adab-52117d3d6df6,Signature in SSC Format,7,3,4,0.75,5.399916283333334,1,77.77898359208203,20.33333333333333,29.0,32,4.0,12,14,Friday,June,2026,14,0,other,0,41.56293222683264,10.477178423236515,9.253112033195022,12.572614107883817,20.95435684647303,49.37759336099585,42.65560165975104,37.136929460580916,Explorer
6a22debc-6240-8322-a3ef-1d9af5ea0e13,CGPA to Percentage Conversion,6,3,3,1.0,0.8098010999999999,1,444.5536070523984,27.33333333333333,35.0,43,4.333333333333333,13,14,Friday,June,2026,14,0,other,0,33.4716459197787,10.477178423236515,13.360995850622407,12.572614107883817,20.95435684647303,81.74273858921161,30.95435684647303,34.75103734439834,Explorer
6a23f1d0-44e0-8324-8816-013e7da3d213,Ice for Skin and Weight,6,3,3,1.0,2.4327530666666664,1,147.98049375938857,55.66666666666666,50.0,85,11.0,33,10,Saturday,June,2026,10,0,other,0,36.92946058091286,10.477178423236515,30.290456431535276,12.572614107883817,20.95435684647303,64.73029045643153,37.17842323651452,34.75103734439834,Explorer
6a2565db-81d4-8324-b54e-6505c43c76b6,Poster Arrangement Tips,12,6,6,1.0,5.1411496,1,140.04649854966289,33.666666666666664,28.5,86,6.333333333333333,38,12,Sunday,June,2026,12,1,create_content,3,47.16459197786998,26.45228215767635,23.48547717842324,31.74273858921162,52.9045643153527,63.48547717842323,42.15767634854772,56.95020746887967,Creator
6a26c426-c13c-8324-958f-d71ea247d05e,Teaching Basics for Weak Students,42,21,21,1.0,34.79105623333333,1,72.43240857935169,58.285714285714285,41.0,165,10.904761904761903,229,13,Monday,June,2026,13,1,learn,5,65.42185338865836,26.45228215767635,79.41908713692946,31.74273858921162,52.9045643153527,47.30290456431535,57.34439834024896,86.20331950207469,Learner
6a28f6bb-0848-8321-aec9-0f0bb79812b9,Teaching After Alphabets,12,6,6,1.0,71.68121876666667,1,10.044472072157562,32.333333333333336,27.5,65,6.0,36,5,Wednesday,June,2026,5,1,learn,2,57.952973720608576,26.45228215767635,61.86721991701245,31.74273858921162,52.9045643153527,17.012448132780083,61.57676348547717,56.95020746887967,Learner
6a2a3ace-ce94-8323-8b16-63ae175043d5,Vowel Fill-in Questions,2,1,1,1.0,0.06394815,1,1876.5202746287416,45.0,45.0,45,8.0,8,4,Thursday,June,2026,4,0,other,0,22.544951590594746,10.477178423236515,21.28630705394191,12.572614107883817,20.95435684647303,86.72199170124482,25.975103734439834,9.751037344398341,Explorer
6a2fd8d1-1404-83ee-b614-3b80049be30b,Homework Reminder Template,4,2,2,1.0,0.4595772,1,522.2191179196878,111.5,111.5,163,18.5,37,10,Monday,June,2026,10,1,build,2,29.183955739972337,76.45228215767635,39.33609958506224,31.74273858921162,52.9045643153527,82.98755186721992,29.460580912863072,24.5850622406639,Builder
6a33c59f-c138-83e8-8531-ac6a30671731,School Uniform Notice,5,2,3,0.6666666666666666,0.2711622666666667,1,1106.3486217600578,93.0,93.0,178,17.0,34,10,Thursday,June,2026,10,0,other,0,30.1521438450899,10.477178423236515,37.634854771784234,12.572614107883817,20.95435684647303,85.06224066390041,27.717842323651453,27.489626556016596,Explorer
6a361347-99ac-83ee-a917-6c999b10ba90,LinkedIn Profile Review,34,17,17,1.0,23593.2173155,3,0.0864655283219802,39.52941176470589,43.0,110,5.0,85,4,Saturday,June,2026,15,0,create_content,2,93.49930843706777,10.477178423236515,30.373443983402492,12.572614107883817,20.95435684647303,2.4896265560165975,98.67219917012449,83.92116182572614,Creator
6a363311-66f4-83ee-bcf4-9cf0d8a40101,NATS 2.0 Registration Guide,22,11,11,1.0,29.5908201,1,44.60842908507291,17.363636363636363,10.0,56,2.8181818181818183,31,6,Saturday,June,2026,6,4,other,0,59.95850622406638,36.82572614107884,12.572614107883819,44.190871369294605,73.65145228215768,36.51452282157676,55.60165975103734,73.34024896265561,Explorer
6a4270d7-7188-83ee-a4fc-e50c55ecb2f6,Buyer Persona Example,6,3,3,1.0,2.8313174833333337,1,127.14928725554614,24.0,22.0,39,4.666666666666667,14,13,Monday,June,2026,13,0,other,0,37.344398340248965,10.477178423236515,12.19917012448133,12.572614107883817,20.95435684647303,61.82572614107884,37.9253112033195,34.75103734439834,Explorer
6a4290ed-970c-83e8-b959-6c53f0db45f1,No Response Follow-up Guide,2,1,1,1.0,0.0185099333333333,1,6483.005521359703,30.0,30.0,30,7.0,7,15,Monday,June,2026,15,0,other,0,20.470262793914245,10.477178423236515,12.946058091286307,12.572614107883817,20.95435684647303,93.3609958506224,22.240663900414937,9.751037344398341,Explorer
6a4915bd-8c50-83ee-8808-a7081c053e75,Resume Editing Request,6,3,3,1.0,9.322148516666664,1,38.61770699709103,78.0,113.0,121,14.0,42,14,Saturday,July,2026,14,0,build,1,42.46196403872752,60.477178423236516,37.468879668049794,12.572614107883817,20.95435684647303,31.950207468879665,47.13692946058091,34.75103734439834,Builder
6a491bcd-c7e8-83e8-b2ce-f0e62d891f65,Alignment Verification Tips,2,1,1,1.0,751.2252873,2,0.1597390317241521,37.0,37.0,37,6.0,6,14,Saturday,July,2026,3,0,other,0,64.17704011065007,10.477178423236515,17.219917012448136,12.572614107883817,20.95435684647303,3.7344398340248963,91.20331950207469,9.751037344398341,Explorer
6a4fc6d0-f8e0-83ee-9eb5-cbc934f5bf68,Reg future plans,13,6,7,0.8571428571428571,7.142798766666667,1,109.2008924624938,21.83333333333333,18.0,48,4.333333333333333,26,16,Thursday,July,2026,16,0,other,0,50.27662517289073,10.477178423236515,13.443983402489627,12.572614107883817,20.95435684647303,59.33609958506224,46.39004149377594,58.09128630705394,Explorer
6a54709e-654c-83e8-9353-4b4b0b7b341c,Kamarajar Speech Ideas,17,8,9,0.8888888888888888,29.228377233333333,1,34.89759256414506,40.75,15.0,162,7.625,61,4,Monday,July,2026,5,2,build,1,58.02213001383126,83.29875518672199,29.211618257261414,39.95850622406639,66.59751037344398,29.045643153526974,55.35269709543568,66.59751037344398,Builder
6a5788f9-aaa0-83ee-b1b4-d8706e87148e,Introduce Yourself Response,8,4,4,1.0,14.268902333333331,1,33.63958830096415,34.75,20.5,84,6.75,27,13,Wednesday,July,2026,13,1,build,3,48.06362378976487,76.45228215767635,22.24066390041494,31.74273858921162,52.9045643153527,28.63070539419087,51.36929460580913,43.983402489626556,Builder
6a58d6fa-3e58-83e8-9f88-07fd19d210d2,IINVSYS Interview Preparation,16,8,8,1.0,169.1022304,1,5.677039254474552,27.5,30.0,56,4.875,39,13,Thursday,July,2026,15,1,learn,1,63.55463347164592,26.45228215767635,59.25311203319502,31.74273858921162,52.9045643153527,11.618257261410788,66.80497925311204,65.35269709543569,Learner
6a58d7e6-aed8-83ee-bd59-46d8915e59cf,Interview Project Explanation,16,8,8,1.0,121.7632357,1,7.884153163975094,32.5,35.5,57,6.375,51,13,Thursday,July,2026,14,3,build,1,62.863070539419084,85.26970954356847,24.315352697095435,42.32365145228216,70.53941908713693,14.522821576763487,65.56016597510373,65.35269709543569,Builder
6a58f719-2128-83ee-8060-e056fdc3edba,Python Interview Guide,12,6,6,1.0,31.44822693333333,1,22.89477246289014,23.83333333333333,24.0,45,5.166666666666667,31,15,Thursday,July,2026,15,6,other,0,55.04840940525588,39.73029045643153,15.560165975103736,47.676348547717836,79.46058091286307,23.651452282157674,56.34854771784232,56.95020746887967,Explorer
6a599c02-a8e0-83ee-868f-021d5e41ad01,Interview Project Explanation,2,1,1,1.0,0.0219819499999999,1,5459.024335875572,250.0,250.0,250,36.0,36,3,Friday,July,2026,3,7,research,2,21.300138312586444,41.286307053941904,43.609958506224075,49.543568464730285,82.57261410788381,90.87136929460581,23.734439834024897,9.751037344398341,Researcher
6a5a24e4-07ec-83ee-bf41-34c63c88765f,Data Analysis Process,6,3,3,1.0,4.2538498,1,84.6292222165437,24.666666666666668,19.0,42,4.333333333333333,13,12,Friday,July,2026,12,2,research,2,39.004149377593365,33.29875518672199,12.365145228215768,39.95850622406639,66.59751037344398,53.941908713692946,40.91286307053942,34.75103734439834,Researcher
6a5a2660-a458-83ee-adaf-3d3e16f8a86f,Market Analysis Overview,6,2,4,0.5,6.900748433333334,1,52.16825442600663,70.0,70.0,125,13.5,27,12,Friday,July,2026,12,0,research,1,41.90871369294606,10.477178423236515,33.52697095435685,12.572614107883817,20.95435684647303,41.49377593360996,46.141078838174266,29.771784232365142,Researcher
6a5a2828-fe14-83e8-a7d5-291b379f129a,Instagram Comment-to-DM Automation,2,1,1,1.0,0.0540177666666666,1,2221.491324150757,125.0,125.0,125,25.0,25,13,Friday,July,2026,13,0,other,0,22.40663900414938,10.477178423236515,37.510373443983404,12.572614107883817,20.95435684647303,87.13692946058092,25.726141078838175,9.751037344398341,Explorer
6a5a2849-a8e8-83e8-89fd-eceaca26fa9b,Digital Marketing Analytics Process,2,1,1,1.0,0.0489797666666666,1,2449.991254892326,147.0,147.0,147,26.0,26,13,Friday,July,2026,13,1,research,1,22.13001383125864,26.45228215767635,38.42323651452283,31.74273858921162,52.9045643153527,87.96680497925311,25.228215767634858,9.751037344398341,Researcher
6a5b1c3b-a700-83ee-850b-7334bf3e2813,Tech for Data Analysis,2,1,1,1.0,0.30678105,1,391.1584499759682,43.0,43.0,43,8.0,8,6,Saturday,July,2026,6,0,learn,1,23.92807745504841,10.477178423236515,60.539419087136935,12.572614107883817,20.95435684647303,79.66804979253112,28.46473029045643,9.751037344398341,Learner
6a5b24ed-90b8-83ee-b521-52742f25d31d,Create Claude Desktop Shortcut,2,1,1,1.0,0.2919199,1,411.0716672621496,77.0,77.0,77,15.0,15,7,Saturday,July,2026,7,0,other,0,23.651452282157674,10.477178423236515,31.70124481327801,12.572614107883817,20.95435684647303,80.49792531120332,27.966804979253112,9.751037344398341,Explorer
6a5b2b3a-0430-83ee-90cf-c5d45a8d5d2a,AB Testing Analysis,12,6,6,1.0,119.34770286666668,1,6.032793113784288,445.0,4.0,2528,46.5,279,7,Saturday,July,2026,7,1,troubleshoot,2,59.88934993084371,26.45228215767635,53.02904564315353,71.74273858921163,52.9045643153527,13.692946058091287,65.06224066390041,56.95020746887967,Problem Solver
6a5b7c13-0934-83ee-b9dd-caa13b9a8b5f,Congratulations Message Draft,6,3,3,1.0,1.8355893666666667,1,196.1222953986386,74.0,90.0,119,13.0,39,13,Saturday,July,2026,13,0,other,0,35.68464730290456,10.477178423236515,36.34854771784232,12.572614107883817,20.95435684647303,71.78423236514523,34.93775933609959,34.75103734439834,Explorer
6a5e1463-4158-83e8-b482-69ee464d39f7,Understanding banger meaning,2,1,1,1.0,0.1438692833333333,1,834.090482830653,23.0,23.0,23,4.0,4,12,Monday,July,2026,12,1,other,0,23.09820193637621,26.45228215767635,7.759336099585063,31.74273858921162,52.9045643153527,84.64730290456431,26.970954356846473,9.751037344398341,Explorer
6a5e1482-eb58-83ee-ad18-74026ba95e7c,Meaning of Mass,2,1,1,1.0,0.0165161999999999,1,7265.593780651724,4.0,4.0,4,1.0,1,12,Monday,July,2026,12,0,other,0,20.055325034578146,10.477178423236515,1.4522821576763485,12.572614107883817,20.95435684647303,94.6058091286307,21.49377593360996,9.751037344398341,Explorer
6a5efdde-ef60-83e8-a9ff-0e11d357e304,Math Fundamentals 5s 10s 100s,21,10,11,0.9090909090909092,3131.139437383333,3,0.4024094184234003,36.1,32.0,59,7.2,72,5,Tuesday,July,2026,9,1,learn,2,88.24343015214384,26.45228215767635,68.21576763485477,31.74273858921162,52.9045643153527,5.394190871369295,96.43153526970954,71.6804979253112,Learner
6a5f00e9-043c-83e8-83ef-0fdfb317c313,Kuyili Independence Day Speech,8,4,4,1.0,9.9304988,1,48.335940587395264,29.0,25.5,57,5.25,21,5,Tuesday,July,2026,5,0,build,1,46.12724757952973,60.477178423236516,15.975103734439834,12.572614107883817,20.95435684647303,38.17427385892116,47.88381742738589,43.983402489626556,Builder
6a5f7190-18f4-83e8-9882-4c396763b73a,Using Claude for Data Analysis,6,3,3,1.0,3.3897826666666666,1,106.20149885715388,52.66666666666666,36.0,86,9.0,27,13,Tuesday,July,2026,13,1,build,1,37.89764868603043,76.45228215767635,28.049792531120335,31.74273858921162,52.9045643153527,57.26141078838174,38.921161825726145,34.75103734439834,Builder
6a61da6b-fb28-83e8-a5d9-edfb0b877658,Teaching English Speaking,8,4,4,1.0,1188.16505465,2,0.4039842765291515,48.0,37.0,107,9.5,38,9,Thursday,July,2026,4,0,learn,3,76.417704011065,10.477178423236515,68.54771784232365,12.572614107883817,20.95435684647303,5.809128630705394,92.69709543568464,43.983402489626556,Learner
6a62f1fc-746c-83ee-a47b-8a0896a5693d,Job Referral Request Message,2,1,1,1.0,0.02504075,1,4792.188732366243,86.0,86.0,86,20.0,20,5,Friday,July,2026,5,0,other,0,21.43845089903181,10.477178423236515,33.56846473029046,12.572614107883817,20.95435684647303,90.45643153526972,23.983402489626556,9.751037344398341,Explorer
6a631e6a-4180-83ee-9563-fb3555ec34c5,Job Offer Acceptance Email,10,5,5,1.0,7.983722999999999,1,75.15290798540983,66.0,71.0,119,11.6,58,8,Friday,July,2026,8,1,other,0,48.06362378976487,26.45228215767635,37.67634854771785,31.74273858921162,52.9045643153527,48.13278008298755,46.88796680497925,51.55601659751038,Explorer
6a646530-8a60-83ee-b9fe-a10563a241b9,Moto G Camera Quality,14,7,7,1.0,4.556017183333334,1,184.37156099253957,30.428571428571427,28.0,69,5.857142857142857,41,7,Saturday,July,2026,7,1,create_content,2,48.271092669432925,26.45228215767635,21.49377593360996,31.74273858921162,52.9045643153527,69.70954356846472,41.41078838174274,61.51452282157676,Creator
6a64667d-0088-83ee-8d72-5afa806d48c1,Phone Slow Fix,8,4,4,1.0,2.4506949,1,195.86281425729493,27.25,28.0,45,6.75,27,7,Saturday,July,2026,7,0,other,0,40.31811894882434,10.477178423236515,16.431535269709546,12.572614107883817,20.95435684647303,71.36929460580913,37.42738589211618,43.983402489626556,Explorer
6a649860-4dd8-83e8-b3dc-466e47b3c734,Royal Blue Personality,22,11,11,1.0,2.7152423,1,486.144459372926,15.818181818181818,13.0,50,3.636363636363636,40,11,Saturday,July,2026,11,0,other,0,50.0,10.477178423236515,13.568464730290456,12.572614107883817,20.95435684647303,82.15767634854771,37.676348547717836,73.34024896265561,Explorer
6a65fa9e-4d60-83e8-aab2-9c25f094f23b,Noise ALT Buds (S) Review,4,2,2,1.0,2.11671255,1,113.38336894161658,30.0,30.0,30,5.5,11,12,Sunday,July,2026,12,0,other,0,32.6417704011065,10.477178423236515,14.190871369294607,12.572614107883817,20.95435684647303,60.58091286307054,35.684647302904565,24.5850622406639,Explorer
6a6891b1-55f8-83e8-be16-045ed848efc6,Online shopping price check,2,1,1,1.0,0.1071859,1,1119.5502393505114,33.0,33.0,33,6.0,6,11,Tuesday,July,2026,11,0,other,0,22.959889349930844,10.477178423236515,15.145228215767636,12.572614107883817,20.95435684647303,85.47717842323651,26.721991701244814,9.751037344398341,Explorer
6a68b617-4324-83ee-9e61-bd170a171961,Freight Shipping Update,4,1,3,0.3333333333333333,0.0955135666666666,1,2512.732048187221,0.0,0.0,0,0.0,0,14,Tuesday,July,2026,14,0,other,0,27.52420470262794,10.477178423236515,0.6224066390041494,12.572614107883817,20.95435684647303,88.38174273858921,26.473029045643155,16.80497925311203,Explorer
6a68b622-19e4-83ee-96ba-3ce896e0d1e8,Explain Request Clarification,4,2,2,1.0,0.3299943666666667,1,727.2851425443525,3.5,3.5,7,0.5,1,14,Tuesday,July,2026,14,1,learn,1,28.769017980636235,26.45228215767635,41.28630705394191,31.74273858921162,52.9045643153527,83.81742738589212,28.71369294605809,24.5850622406639,Learner
6a6c02d1-03d0-83ee-a320-3cc6202ca1f4,Grammar Correction Clarification,4,2,2,1.0,0.342835,1,700.0452112532267,65.0,65.0,106,13.0,26,2,Friday,July,2026,2,0,other,0,28.9073305670816,10.477178423236515,32.448132780082986,12.572614107883817,20.95435684647303,83.40248962655602,28.962655601659755,24.5850622406639,Explorer
6a6ec93e-6ba8-83ee-9634-7a8ba432aac3,Greedy Solution for Rocks,24,11,13,0.8461538461538461,40.24043545,1,35.784901030438526,14.545454545454543,13.0,37,3.090909090909091,34,4,Sunday,August,2026,5,9,troubleshoot,1,62.58644536652835,41.90871369294606,11.078838174273859,90.29045643153526,83.81742738589212,29.87551867219917,58.58921161825726,74.79253112033194,Problem Solver
6a70224f-8540-83e8-b64c-2194133eceff,Digicherry Overview,76,38,38,1.0,233.43844016666665,1,19.534057873006365,16.92105263157895,9.5,73,3.3157894736842106,126,5,Monday,August,2026,6,6,build,3,73.23651452282157,89.73029045643153,19.336099585062243,47.676348547717836,79.46058091286307,22.821576763485478,68.54771784232365,91.18257261410788,Builder
6a702319-f698-83e8-ada9-cdaa81522ecb,Marketing Metrics Overview,2,1,1,1.0,25604.523813866665,2,0.0046866718112918,16.0,16.0,16,2.0,2,10,Thursday,July,2026,5,0,other,0,67.49654218533887,10.477178423236515,4.398340248962656,12.572614107883817,20.95435684647303,0.8298755186721992,97.17842323651453,9.751037344398341,Explorer
6a7056e8-7e10-83ee-a664-3742f784348c,E-Commerce Analytics Project,10,5,5,1.0,248.5433519,1,2.414065777311182,79.2,0.0,396,12.0,60,8,Monday,August,2026,8,3,build,3,60.37344398340249,85.26970954356847,39.37759336099585,42.32365145228216,70.53941908713693,9.54356846473029,69.04564315352697,51.55601659751038,Builder
6a70597f-91f0-83e8-93ea-aa5c3f5e4247,Power Query Overview,78,39,39,1.0,249.45551416666663,1,18.760860090160964,143.69230769230768,39.0,1670,17.128205128205128,668,9,Monday,August,2026,10,14,build,9,73.85892116182572,93.04979253112033,49.5435684647303,51.6597510373444,86.09958506224066,22.40663900414938,69.29460580912863,91.80497925311204,Builder
6a70954d-40d8-83e8-82ea-f918f99a0a08,Data Dashboard Setup Guide,17,8,9,0.8888888888888888,61.78352786666667,1,16.509254735359786,63.125,57.0,129,11.125,89,13,Monday,August,2026,14,6,build,1,61.20331950207469,89.73029045643153,38.50622406639005,47.676348547717836,79.46058091286307,21.57676348547718,61.078838174273855,66.59751037344398,Builder
6a7095d1-bdd0-83e8-ab44-9304173d5ebb,AI Agent for Data Analytics,18,9,9,1.0,13.380837266666669,1,80.71243812899621,41.55555555555556,49.0,67,8.555555555555555,77,13,Monday,August,2026,13,7,build,3,55.87828492392808,91.2863070539419,30.78838174273859,49.543568464730285,82.57261410788381,52.282157676348554,50.37344398340249,69.29460580912863,Builder
6a7172c1-77d8-83ee-866a-2ca572a325a9,Govt. Institutions Data Research,84,39,45,0.8666666666666667,571.2554135666667,1,8.822673501739729,63.20512820512821,14.0,1360,9.17948717948718,358,5,Tuesday,August,2026,11,5,research,18,75.03457814661134,38.17427385892116,41.49377593360996,45.809128630705395,76.34854771784232,15.767634854771783,70.78838174273858,92.32365145228216,Researcher
6a718192-a0d4-83e8-b7e6-a8a68c49cc66,Client Dashboard Continuation,84,40,44,0.9090909090909092,99.34098918333332,1,50.73434482012962,29.3,15.0,213,6.075,243,6,Tuesday,August,2026,7,4,build,4,71.30013831258645,86.82572614107883,26.804979253112034,44.190871369294605,73.65145228215768,40.24896265560166,64.06639004149378,92.63485477178423,Builder
6a719902-8714-83ee-8278-f0d8d2196351,they,327,156,171,0.912280701754386,1535.8696105,2,12.774521916357688,441.8076923076923,7.5,65005,67.12820512820512,10472,7,Tuesday,August,2026,9,234,build,195,94.74412171507606,99.1701244813278,56.01659751037345,59.00414937759335,98.3402489626556,19.91701244813278,92.9460580912863,98.54771784232365,Deep Technical Build
6a71f919-5c9c-83ee-b6de-3c475f732c5a,Government Institutions Research,83,24,59,0.4067796610169492,849.5600833333334,2,5.861857327924913,274.9583333333333,32.5,3318,38.375,921,14,Tuesday,August,2026,14,24,research,19,91.83955739972338,45.22821576763486,53.692946058091295,54.273858921161825,90.45643153526972,12.863070539419086,91.70124481327801,90.24896265560166,Researcher
6a7303aa-d728-83e8-87d4-d89b62a7c71b,Government Schools Tamil Nadu,333,126,207,0.6086956521739131,182.07572163333333,1,109.73456439313752,230.42857142857144,17.0,4677,29.26984126984127,3688,9,Wednesday,August,2026,10,71,research,23,75.10373443983401,47.9253112033195,53.52697095435685,57.510373443983404,95.850622406639,59.75103734439834,67.05394190871368,98.34024896265561,Deep Technical Build
6a733074-d660-83ee-ad25-87714dcbe85f,Excel Infrastructure Summary,189,85,104,0.8173076923076923,2445.1049810166664,3,4.6378376748817,265.08235294117645,24.0,4514,25.12941176470588,2136,12,Wednesday,August,2026,12,140,troubleshoot,17,96.2655601659751,48.7551867219917,54.10788381742739,98.50622406639003,97.5103734439834,11.20331950207469,95.68464730290455,96.88796680497924,Deep Technical Build
6a741019-e060-83e8-a8fd-9e70dc02efff,Tamil Nadu Infrastructure Data,161,60,101,0.594059405940594,376.4778933833333,1,25.65887710746431,63.81666666666667,31.5,1054,10.65,639,4,Thursday,August,2026,5,12,build,12,75.93360995850622,92.73858921161826,42.98755186721992,51.286307053941904,85.47717842323651,24.896265560165975,70.29045643153526,95.64315352697096,Deep Technical Build
6a742b84-0ae0-83e8-bf02-a0334cb6c602,Reel Performance Response,14,7,7,1.0,145.4518393,1,5.775107444791178,56.0,51.0,88,11.0,77,6,Thursday,August,2026,6,1,build,1,62.10235131396957,76.45228215767635,35.601659751037346,31.74273858921162,52.9045643153527,12.033195020746888,66.30705394190872,61.51452282157676,Builder
6a756dbd-23a4-83e8-a035-33717bc5f771,KYS Scraper Update,320,139,181,0.7679558011049724,241.489526,1,79.5065538370389,653.6690647482014,24.0,7355,45.70503597122302,6353,5,Friday,August,2026,6,511,research,37,75.79529737206086,49.79253112033195,57.427385892116185,59.75103734439834,99.5850622406639,51.867219917012456,68.79668049792531,98.13278008298755,Deep Technical Build
6a75a66e-abe4-83e8-860c-c139b215c2a6,KYS Scraper Continuation,112,50,62,0.8064516129032258,189.88307135,1,35.39020067572759,934.98,42.0,9836,84.16,4208,9,Friday,August,2026,10,420,troubleshoot,27,73.99723374827109,49.5850622406639,58.42323651452283,99.50207468879668,99.1701244813278,29.460580912863072,67.55186721991701,94.81327800829874,Deep Technical Build
6a75c38c-2124-83e9-b71e-5898519a12c0,Scraper.py Generation Request,528,212,316,0.6708860759493671,5483.348533283333,5,5.777491583419478,191.8490566037736,27.0,6676,23.59433962264151,5002,11,Friday,August,2026,4,416,troubleshoot,55,98.34024896265561,49.37759336099585,52.531120331950206,99.25311203319502,98.7551867219917,12.448132780082988,97.59336099585062,99.1701244813278,Deep Technical Build
6a797250-8634-83ee-91c1-751638889fad,Reference Sheet Creation,4,1,3,0.3333333333333333,0.2080839,1,1153.380919907787,48.0,48.0,48,8.0,8,6,Monday,August,2026,6,0,build,1,28.077455048409405,60.477178423236516,21.70124481327801,12.572614107883817,20.95435684647303,85.89211618257261,27.468879668049794,16.80497925311203,Builder
6a7ac8c8-8f1c-83ee-803a-5169fd78be8c,Product Marketing Analysis,49,24,25,0.96,286.14923598333337,1,10.274359076643623,21.83333333333333,10.5,105,3.375,81,7,Tuesday,August,2026,9,1,learn,2,72.82157676348548,26.45228215767635,60.16597510373444,31.74273858921162,52.9045643153527,18.25726141078838,69.5435684647303,88.27800829875518,Learner
6a7b0ee8-2acc-83e9-8ada-2171a01cb1e8,New Task Assistance,126,61,65,0.9384615384615383,1095.8684541166667,2,6.898638218483803,56.52459016393443,26.0,570,9.688524590163937,591,12,Tuesday,August,2026,5,6,learn,4,93.22268326417704,39.73029045643153,80.74688796680499,47.676348547717836,79.46058091286307,14.107883817427386,92.19917012448133,95.4356846473029,Deep Technical Build
6a7b2f99-9858-83ee-9be2-789c0f92b01b,LinkedIn Profile Review,108,45,63,0.7142857142857143,74.06628860000001,1,87.48919545565025,18.91111111111111,4.0,195,3.2222222222222223,145,14,Tuesday,August,2026,15,3,learn,1,70.6777316735823,35.26970954356847,60.58091286307054,42.32365145228216,70.53941908713693,54.356846473029044,62.074688796680505,93.7759336099585,Deep Technical Build
6a7b4e77-8e18-83e8-b75a-be607822980e,Palm Reading Guide Design,7,4,3,1.3333333333333333,4.44115,1,94.57010008668928,91.0,13.5,337,17.0,68,16,Tuesday,August,2026,16,1,build,3,40.73305670816044,76.45228215767635,41.07883817427386,31.74273858921162,52.9045643153527,56.016597510373444,41.16182572614108,41.49377593360996,Builder
6a7c0fcf-97d0-83ee-ab26-3d0b2ce88746,Personal Branding Strategy,640,275,365,0.7534246575342466,1835.23754905,2,20.923721847276685,281.67636363636365,35.0,2580,42.64727272727273,11728,6,Wednesday,August,2026,12,129,build,210,95.29737206085754,98.34024896265561,55.26970954356847,58.008298755186715,96.6804979253112,23.236514522821576,93.19502074688796,99.5850622406639,Deep Technical Build
6a7c4b2b-0f70-83e8-b073-7626cb531293,GitHub Next Steps,49,14,35,0.4,19.482144666666667,1,150.90741036484792,257.5,0.0,3496,25.642857142857142,359,10,Wednesday,August,2026,10,16,planning,4,64.24619640387276,43.983402489626556,51.70124481327801,52.780082987551864,87.96680497925311,65.56016597510373,54.107883817427386,83.50622406639005,Planner
6a7d57b7-43e4-83ee-afff-168ebc855e75,Polished PDF Creation,17,3,14,0.2142857142857142,6.249269716666666,1,163.21907138680257,77.0,12.0,219,14.333333333333334,43,5,Thursday,August,2026,5,0,build,1,52.213001383125864,60.477178423236516,37.427385892116185,12.572614107883817,20.95435684647303,66.80497925311202,44.89626556016597,51.244813278008294,Builder
6a7d5ad6-95f4-83e8-977d-3db3e401330d,Clean Structured PDF,5,1,4,0.25,2.2168232333333333,1,135.32878737873207,64.0,64.0,64,11.0,11,5,Thursday,August,2026,5,0,build,2,34.99308437067773,60.477178423236516,28.63070539419087,12.572614107883817,20.95435684647303,62.24066390041494,36.43153526970954,19.70954356846473,Builder
6a7d6117-111c-83ee-b417-88c2986b7667,Graph format request,63,23,40,0.575,74.95482498333334,1,50.430375907628445,189.17391304347825,13.0,1021,25.08695652173913,577,6,Thursday,August,2026,6,0,build,8,69.432918395574,60.477178423236516,50.622406639004154,12.572614107883817,20.95435684647303,39.83402489626556,62.323651452282164,88.58921161825727,Builder
6a7d7562-6aa0-83e8-8280-989896426c88,Page Alignment Correction,42,7,35,0.2,33.12257686666667,1,76.08103711689274,60.285714285714285,34.0,133,11.0,77,7,Thursday,August,2026,8,1,build,1,65.14522821576763,76.45228215767635,37.0954356846473,31.74273858921162,52.9045643153527,48.54771784232365,56.84647302904564,73.96265560165975,Builder
6a7d88d6-6ca0-83ea-9c38-02677ccac7d2,UI Rendering Issue,7,2,5,0.4,2.1703776,1,193.5147137530354,21.0,21.0,24,4.5,9,9,Thursday,August,2026,9,0,troubleshoot,1,37.828492392807746,10.477178423236515,8.589211618257263,52.572614107883815,20.95435684647303,70.95435684647303,35.933609958506224,32.15767634854772,Problem Solver
6a7d91cf-79fc-83ea-9f2c-84e65258521c,Morning Study Reminder,205,25,180,0.1388888888888889,10318.565098716666,8,1.19202620541976,41.32,23.0,169,8.0,200,9,Thursday,August,2026,9,6,planning,9,98.47856154910096,39.73029045643153,33.23651452282158,47.676348547717836,79.46058091286307,7.053941908713693,99.00414937759335,93.56846473029046,Deep Technical Build
6a7d968b-12ec-83ea-b66f-9685c41ceb82,Notion usage assistance,174,73,101,0.7227722772277227,92.58964998333332,1,112.75558339273624,447.0958904109589,460.0,587,57.86301369863013,4224,10,Thursday,August,2026,10,22,build,3,72.3374827109267,95.02074688796681,56.18257261410789,54.024896265560166,90.04149377593362,60.16597510373444,63.56846473029046,96.36929460580913,Deep Technical Build
6a7dacd2-83bc-83ea-9ee3-cdc8d655bf66,Notion Workspace Integration,12,5,7,0.7142857142857143,1.6498411666666668,1,436.4056459172282,43.8,13.0,161,6.0,30,11,Thursday,August,2026,11,1,research,1,42.60027662517289,26.45228215767635,26.390041493775936,31.74273858921162,52.9045643153527,81.32780082987551,33.941908713692946,54.149377593360995,Researcher
6a7db5c9-bb9c-83e8-ab90-a55b7d8b6af1,Weekend Long Read,7,2,5,0.4,2881.9993833,2,0.1457321616492103,204.5,204.5,258,34.0,68,12,Thursday,August,2026,12,1,learn,1,75.44951590594745,26.45228215767635,85.72614107883817,31.74273858921162,52.9045643153527,3.319502074688797,93.94190871369294,32.15767634854772,Learner
6a7e9f59-9c9c-83e9-963f-04df84b6c31b,AI DATA ANALYST,1567,637,930,0.6849462365591398,7748.01384705,4,12.134722763279193,1701.100470957614,25.0,66395,129.86813186813183,82726,3,Friday,August,2026,6,2239,research,781,98.68603042876902,50.0,59.83402489626556,60.0,100.0,19.502074688796682,97.84232365145228,100.0,Deep Technical Build
6a800557-bf94-83ee-952d-faa1bd8d7ba4,AI Video Workflow,110,47,63,0.746031746031746,99.51764035,1,66.319900439641,58.12765957446808,12.0,661,9.829787234042554,462,6,Saturday,August,2026,7,5,create_content,5,72.06085753803596,38.17427385892116,40.49792531120332,45.809128630705395,76.34854771784232,44.398340248962654,64.31535269709545,94.1908713692946,Deep Technical Build
6a828f77-1e78-83e8-9059-90750a626f67,Product /market analysis,295,99,196,0.5051020408163265,355.9789169333333,1,49.72204576743179,227.5050505050505,36.0,15991,36.323232323232325,3596,4,Monday,August,2026,9,54,research,36,76.21023513139696,46.99170124481328,53.11203319502075,56.39004149377593,93.98340248962656,39.41908713692946,69.79253112033194,97.5103734439834,Deep Technical Build
6a82e4ef-0e1c-83ee-8781-3771db05455f,AI for Content Personalization,98,49,49,1.0,3002.9328333333333,2,1.9580857536107616,41.204081632653065,5.0,509,8.26530612244898,405,10,Monday,August,2026,12,6,build,9,93.7759336099585,89.73029045643153,34.35684647302905,47.676348547717836,79.46058091286307,7.883817427385892,94.1908713692946,93.98340248962654,Builder
6a83e4a4-8f40-83ee-b0ae-cacbda9d0bd2,Review Python Project Files,69,23,46,0.5,49.609627116666665,1,83.4515444001219,2526.782608695652,16.0,33110,197.2608695652174,4537,4,Tuesday,August,2026,5,106,research,49,68.04979253112033,48.13278008298755,59.5850622406639,57.759336099585056,96.2655601659751,53.52697095435685,59.585062240663895,88.79668049792531,Researcher
6a859039-b044-83ee-ae5f-77040bbc31ca,Frangipani Perfume Recommendations,24,6,18,0.3333333333333333,6.5757345166666665,1,218.9869430327848,44.0,57.5,74,7.333333333333333,44,11,Wednesday,August,2026,11,1,other,0,55.39419087136929,26.45228215767635,29.377593360995853,31.74273858921162,52.9045643153527,73.02904564315352,45.64315352697095,66.39004149377593,Explorer
6a869228-cd08-83e8-b058-78461a78c488,Morning Greeting,151,73,78,0.935897435897436,360.8658495166666,1,25.10628260372852,115.68493150684932,26.0,1119,19.34246575342466,1412,5,Thursday,August,2026,6,15,research,26,75.65698478561549,43.46473029045643,49.46058091286307,52.15767634854772,86.92946058091286,24.066390041493776,70.04149377593362,95.95435684647303,Deep Technical Build
6a87d6c2-033c-83e9-a8b3-04e5240f34b8,Morning Greeting,47,23,24,0.9583333333333334,100.8435764,1,27.96410143978194,91.7391304347826,63.0,402,17.130434782608695,394,4,Friday,August,2026,4,1,learn,4,69.70954356846472,26.45228215767635,85.8091286307054,31.74273858921162,52.9045643153527,26.556016597510375,64.5643153526971,87.13692946058092,Learner
6a87ebfc-4144-83e8-8e04-ea7e88aa9ff4,Spotify Wrapped Clone Proposal,76,29,47,0.6170212765957447,114.10389148333334,1,39.96358003851305,42.689655172413794,23.0,263,6.896551724137931,200,6,Friday,August,2026,7,6,build,4,71.16182572614109,89.73029045643153,33.7344398340249,47.676348547717836,79.46058091286307,32.780082987551864,64.81327800829877,90.97510373443984,Builder
6a8825dc-80f8-83e8-96f0-1c198279f413,Get export data,26,11,15,0.7333333333333333,14.6884351,1,106.20600420530845,136.8181818181818,22.0,778,21.09090909090909,232,10,Friday,August,2026,10,14,other,0,59.33609958506224,43.04979253112033,47.468879668049794,51.6597510373444,86.09958506224066,57.676348547717836,51.61825726141079,75.72614107883818,Explorer
